english_word,native_translation,definition_ko
the,그,"정관사. 특정하거나 이미 언급된 사람이나 사물을 가리키는 명사 앞에 쓰임."
of,~의,~에서,"소유, 기원, 구성 요소, 또는 어떤 것의 일부분을 나타내는 전치사."
to,~에; ~에게; ~으로,"방향, 목적지, 결과, 또는 관계를 나타내는 전치사."
and,그리고,~와/~과의,"단어나 구, 절을 연결하는 데 사용되는 접속사."
a,하나의; 어떤,"부정관사. 셀 수 있는 단수 명사 앞에 쓰여 막연한 하나를 가리킴."
in,~안에; ~에,"위치(시간 또는 장소), 상태 또는 안으로의 움직임을 나타냄."
is,~이다, ~있다,"'be' 동사의 현재형 3인칭 단수형으로, 주어의 상태, 정체, 특징 또는 위치를 나타냄."
it,그것; 그것은,"앞서 언급되었거나 문맥상 분명한 사물, 동물, 상황 등을 지칭하는 대명사."
you,당신; 너,"말하는 상대방을 가리키는 인칭 대명사."
that,그; 저; ~라는 것,"앞서 언급되었거나 알려진 사람이나 사물을 가리키거나, 절을 이끄는 데 쓰이는 단어."
he,그,"남자를 가리키는 삼인칭 단수 주격 대명사."
was,~이었다,~였다,~해서,"'be' 동사의 과거형으로, 과거의 상태나 존재를 나타냅니다."
for,~을 위해, ~동안,~에 대하여,"목적, 대상, 기간 또는 방향을 나타내기 위해 사용되는 전치사."
on,~위에; ~에,"무엇인가의 표면에 닿아 있거나 지지되어 있는 상태를 나타냄. 시간이나 날짜 또는 특정 상황을 나타내기도 함."
are,이다; 있다; 하다,"be 동사의 2인칭 단수와 복수, 또는 1, 3인칭 복수에 사용되는 현재형입니다."
with,~와 함께; ~을 가지고; ~로,"어떤 사람이나 사물과 동반하거나 연결되어 있음을 나타내는 전치사."
as,~로서; ~처럼; ~대로,"비교하거나, 이유를 나타내거나, 시간의 흐름을 나타낼 때 쓰이는 단어."
I,나; 저,"말하는 사람 자신을 가리키는 데 사용되는 대명사."
his,그의,"남성을 소유격으로 나타낼 때 사용하는 말."
they,그들; 저것들,"셋 이상의 사람, 동물 또는 사물을 지칭하는 데 사용되는 대명사."
be,~이다; 있다,"존재하거나 존재함을 나타내는 동사."
at,~에,~에서,"특정한 시간, 장소 또는 지점을 가리킬 때 쓰임."
one,하나; 한; 하나,"숫자 '1'과 같은 양을 나타냄. 특정되지 않은 사람이나 사물을 가리킬 때도 쓰임."
have,가지다; 있다; 먹다,"소유하거나 소지하다. 어떤 상태에 있거나 질병에 걸리다. 식사나 마실 것을 섭취하다."
this,이; 이것,"말하는 사람과 가깝거나 이제 막 언급된 사람, 동식물, 사물 등을 가리키는 데 사용되는 대명사 또는 한정사."
from,~로부터; ~에서,"출발점, 근원, 원인, 또는 기원을 나타냄."
or,~이거나; 또는,"두 가지 이상의 선택지 중 하나를 나타낼 때 사용되는 접속사."
had,가지고 있었다; ~이었다,"have'의 과거형 및 과거분사형으로, 어떤 것을 소유하고 있거나(가지고 있었다), 어떤 상태에 있었음을 나타냅니다."
by,~에 의해; ~옆에; ~까지,"행위의 주체, 가까운 위치, 또는 기한을 나타낼 때 쓰이는 전치사."
not,~이 아닌; 않다,"부정의 의미를 나타내는 부사. 어떤 행위나 상태가 사실이 아니거나 발생하지 않았음을 나타낼 때 사용됨."
word,단어; 낱말,"하나 이상의 소리나 문자로 이루어져 의미를 가지며 독립적으로 쓰이는 언어의 단위."
but,하지만; 그러나,"두 부분의 내용이 서로 다르거나 반대될 때 사용되는 접속사."
what,무엇,"무언가를 묻거나 확인할 때 사용되는 의문사이자 대명사."
some,약간의; 어떤,"수량을 정확히 알 수 없거나 언급할 필요가 없을 때 쓰이는 말. 특정한 것이 아니라 불특정한 어떤 것을 가리킬 때 쓰이기도 함."
we,우리,"말하는 사람을 포함한 두 명 이상의 사람을 가리키는 대명사."
can,~할 수 있다; 통조림,"어떤 것을 할 능력이나 가능성이 있음을 나타내는 데 쓰는 조동사. 음식을 보존하기 위해 밀봉하는 금속 용기를 의미하기도 한다."
out,밖; 밖에; ~밖으로,"어떤 장소나 영역의 외부에 있는 것. 또는 밖으로 나가는 움직임을 나타냄."
other,다른; 다른 사람,"추가적인 또는 대안적인 것을 나타냄. 또는 언급된 것과 다른 사람이나 사물을 나타냄."
were,~이었다; ~였다,"'be' 동사의 과거 복수형. 과거의 상태나 존재를 나타내는 데 사용됨."
all,모든; 전부,"모든 부분이나 요소. 어떤 집단 전체를 가리킬 때 사용됨."
there,거기,"그 장소에 또는 그 장소로."
when,언제; ~할 때,"시기나 때를 묻거나 나타내는 말."
up,위로; 위에; 일어나서,"더 높은 곳이나 수준으로 움직이거나 위치하는 것을 나타냄. 잠에서 깨어난 상태를 의미하기도 함."
use,사용하다; 이용하다,"어떤 목적을 위해 무언가를 활용하거나 적용하다."
your,당신의; 너의,"너 또는 당신과 관련된 소유를 나타내는 단어."
how,어떻게; 얼마나,"어떤 방법이나 방식으로 이루어지는가를 묻거나 말할 때 또는 정도나 양을 물을 때 사용되는 단어."
said,말했다; 말했다고 하다,"말하다의 과거형. 어떤 말을 했거나 진술했음을 나타냄."
an,하나의; 어떤,"셀 수 있는 단수 명사 앞에 쓰여 '하나의' 또는 '어떤'을 나타냄."
each,각각의, 각자; 각,"둘 이상의 것 또는 사람들 중 하나하나를 가리킬 때 사용함."
she,그녀,"여성 명사를 대신하여 사용되는 삼인칭 단수 대명사."
which,어느; 어떤,"선택할 수 있는 여러 개 중에서 하나를 가리킬 때 사용하는 의문사."
do,하다; 만들다,"행동을 취하거나 어떤 일을 수행하는 것. 무언가를 만들거나 생산하는 것을 의미하기도 함."
their,그들의,~의,"소유격 형용사로, 세 명 이상이 속하거나 관련된 것을 나타냄."
time,시간; 때,"초, 분, 시 등으로 측정되는 연속적인 흐름. 특정한 순간이나 기간."
if,만약 ~라면,만일 ~라면 또는 ~인지(아닌지)를 나타내는 말.
will,~일 것이다; 의지; 유언,"미래의 사건이나 결정을 나타내는 데 쓰임. 또는 사람의 의지나 마지막 유언을 뜻하기도 함."
way,길; 방법; 방식,"어떤 장소로 가는 경로 또는 방향. 어떤 일을 하거나 사물을 다루는 방식이나 습관. 규모나 정도를 나타내기도 함."
about,~에 대하여; 대략,"무언가와 관련되어 있거나 그것에 대해 이야기할 때 사용함. 거의 그 정도라는 것을 나타낼 때도 사용함."
many,많은,수나 양이 풍부함을 나타낼 때 사용됨.
then,그때; 그러면,"과거 또는 미래의 특정 시점을 나타내거나, 어떤 일 다음에 다른 일이 일어남을 나타냄. 또는 만약 ~이라면 다음에 일어나는 결과나 상황을 나타낼 때 사용됨."
them,그들을; 그것들을,"이미 언급된 복수명사(사람이나 사물)를 나타내는 데 사용되는 대명사."
write,쓰다; 적다,"펜, 연필 등으로 종이 등에 글자, 단어, 문장 등을 기록하다. 생각을 기록하거나 정보를 전달하기 위해 글을 만들다."
would,~일 것이다; ~했을 것이다; ~할 의사가 있다,"will의 과거형으로, 미래의 가능성, 조건, 또는 의지를 나타낼 때 사용되는 조동사."
like,~처럼; 비슷하게; 좋아하다,"(~와) 같은, 유사한. 어떤 것이나 누군가를 즐거워하거나 좋아하는 것을 의미하기도 함."
so,그래서; 따라서; 매우,"결과, 이유 또는 목적을 나타내는 데 사용됨. 정도가 매우 높음을 나타내는 데도 사용됨."
these,이들; 이것들,"둘 이상의 사람, 사물 또는 아이디어를 가리킬 때 사용."
her,그녀의; 그녀를,"여자 한 명을 나타내는 소유격 대명사 또는 목적격 대명사."
long,긴; 길게; 오랫동안,"길이가 보통보다 더 길거나 오랫동안 지속되는 것."
make,만들다; 하다; 되다; 벌다,"무언가를 구성하거나 창조하다. 어떤 상태로 되게 하다. 돈을 벌다."
thing,것; 물건; 어떤 것,"확실하게 이름을 알 수 없거나, 언급할 필요가 없거나, 일반적인 사물, 사건, 생각 등을 통칭하여 이르는 명사."
see,보다; 만나다; 이해하다,"눈으로 사물을 인식하거나 깨닫는 것. 사람을 만나거나 어떤 상황을 이해하는 것을 의미하기도 함."
him,그에게; 그를,"남성인 사람을 목적어 위치에서 가리킬 때 사용되는 대명사."
two,둘; 두 개,"1 더하기 1과 같은 수를 나타내는 단어."
has,가지고 있다,~에게 있다,"'have'의 3인칭 단수 현재형. 소유나 포함을 나타냄."
look,보다; 찾다; ~로 보이다,"눈을 사용하여 무언가를 알아보거나 조사하다. 또는 무언가를 찾으려 하다. 혹은 특정하게 보이거나 느껴지다."
more,더,더욱,"수량, 정도, 또는 빈도가 더 많음을 나타내는 부사 또는 형용사."
day,날; 하루; 낮,"24시간 주기 중 해가 떠 있는 시간 또는 그 전체 주기."
could,~할 수 있었다; ~해도 된다,"can의 과거형. 과거 능력이나 가능성을 나타내거나, 허락이나 가능성을 정중하게 물을 때 사용."
go,가다,"어떤 장소로 움직이거나 떠나는 행위."
come,오다; 다가오다,"말하는 사람이나 특정 장소 쪽으로 이동하거나 움직이다. 어떤 상태나 결과에 이르다."
did,했다; 했던,"do의 과거형. 과거에 어떤 동작이나 행위를 완료했음을 나타내는 데 사용됨."
number,수,"셀 수 있는 개수나 양."
sound,소리; 음향,"듣거나 감지할 수 있는 진동의 형태. 들리는 모든 것."
no,아니; 없다,"부정을 나타내거나 반대를 표현할 때 쓰는 말. 어떤 것이 존재하지 않거나 가능하지 않음을 나타내기도 함."
most,가장; 대부분의,"최대량, 최대 정도를 나타냄. 또는 대다수, 대부분의 사람이나 사물을 가리킴."
people,사람들; 국민,"한 집단을 이루는 개인들. 특정 국가나 지역의 주민들을 의미하기도 함."
my,나의; 내,"나 또는 나와 관련된 것을 나타낼 때 사용하는 소유격 형용사."
over,위에; 넘어서,"무엇인가의 위 또는 표면에서 떨어진 위치. 특정 수준이나 한계를 넘는 것을 나타내기도 함."
know,알다; 알고 있다,"정보, 사실 또는 기술을 이해하거나 인식하고 있는 상태를 나타냄."
water,물, 액체 상태의 투명하고 냄새 및 맛이 없는 물질로 생명에 필수적임.
than,~보다,"비교할 때 두 요소 사이에 우열, 차이 등을 나타냅니다."
call,부르다; 전화하다,"이름이나 특징으로 어떤 사람이나 사물을 지칭하다. 전화로 다른 사람과 통신하다."
first,첫 번째; 첫째; 먼저,"순서상 가장 앞서는 것을 의미하거나, 다른 어떤 것보다 먼저 발생하는 것을 나타낼 때 사용됨."
who,누구,"어떤 사람의 신원이나 특성을 묻거나 언급할 때 사용하는 의문사."
may,~해도 좋다; ~일지도 모른다,"허락 또는 가능성을 나타내는 조동사."
down,아래로; 아래에,"높은 곳에서 낮은 곳으로 향하는 움직임이나 위치를 나타냄."
side,측면; 옆,"주된 부분의 왼쪽이나 오른쪽 부분 또는 가장자리를 가리킴."
been,~이었다; ~한 적이 있다,"'이다(be)' 동사의 과거 분사형으로, 어떤 상태가 지속되었거나 과거에 경험했음을 나타낼 때 쓰임."
now,지금; 이제; 현재,이 순간 또는 현재 시점에.
find,찾다; 발견하다,"잃어버린 것을 찾거나, 찾던 것을 발견하는 것. 또는 어떤 사실이나 정보를 알게 되는 것."
any,어떤; 아무,"특정한 것이 아니라 어떤 것이든 또는 모든 것을 가리킬 때 사용됨."
new,새로운; 새,"이전과 다르거나 만들어진 지 얼마 되지 않은."
work,일; 작업; 직장; 작동하다,"육체적 또는 정신적 활동으로 목표를 달성하기 위해 노력함. 직업이나 일하는 장소. 기계 등이 제 기능을 함."
part,부분; 일부; 나뉘다,"전체에서 한 토막이나 조각. 어떤 것을 몇 개로 나누거나 나뉘는 것."
take,가져가다; 받아들이다; 데려가다; 걸리다,"움직이거나 수송하다; 어떤 것을 받거나 받아들이다; 사람을 데리고 가다; 시간이 소요되다."
get,받다; 얻다; 도착하다,"무언가를 얻거나 가지게 되다; 어떤 장소에 이르다; 어떤 상태가 되다."
place,장소; 놓다,"어떤 것이나 사람이 있는 곳 또는 위치. 어떤 것을 특정 위치에 두는 행위."
made,만들어진,~로 구성된,"make의 과거분사형. 어떤 것이 만들어졌거나 제작되었음을 뜻함."
live,살다; 생방송의; 살아있는,"생명을 가지고 존재하다. 방송이 실시간으로 이루어지는 상태나 아직 죽지 않은 것을 의미하기도 함."
where,어디; 장소,"위치나 장소를 묻거나 말할 때 사용하는 단어."
after,~후에; ~뒤에,"시간상이나 물리적으로 어떤 것의 뒤를 따르거나 일련의 사건에서 나중에 오는 것을 나타냄."
back,등; 뒤; 돌아가다,"몸의 뒷부분. 어떤 장소나 시간의 뒤쪽 부분. 원래의 위치나 상태로 되돌아가는 것을 의미하기도 함."
little,작은; 약간의,"크기가 작음을 나타내거나, 양이 적음을 나타냄."
only,오직; 단지,"다른 것은 배제하고 그것 하나 또는 그것만 포함함을 나타냄."
round,둥근,원형의; 한 바퀴; ~주위에,"원이나 공과 같은 모양인. 어떤 것을 한 바퀴 도는 것. 주변에 있거나 일어나는 것을 나타냄."
man,남자; 사람,"성인 남성. 넓게는 인류 전체를 의미하기도 함."
year,해, 년,"지구가 태양 주위를 한 바퀴 도는 데 걸리는 시간. 12개월로 이루어져 있음."
came,왔다; 오다,"come의 과거형. 특정 장소나 상태에 도착했음을 나타냄."
show,보여주다,나타내다,"보거나 관찰할 수 있도록 만들다. 어떤 것의 존재나 사실임을 드러내다."
every,모든; 매,"각각의 구성원 전체를 가리키는 데 사용됨. 일정한 간격마다 반복되는 것을 나타낼 때도 사용됨."
good,좋은; 잘; 선,"만족스럽거나 질이 높은. 뛰어난 능력이 있거나 올바른 방식대로 행동하는."
me,나에게, 나를,"'I'의 목적격. 사람이나 사물이 화자 자신임을 나타낼 때 사용됨."
give,주다; 수여하다,"누군가에게 어떤 것을 건네주는 행위. 또는 어떤 것을 제공하거나 베푸는 것을 의미."
our,우리의,"나 또는 나와 함께하는 사람들의 소유임을 나타내는 소유격 대명사."
under,~아래에; ~밑에,"무언가의 표면이나 위치보다 낮은 곳에."
name,이름; 명칭; 지명하다,"사람, 장소, 물건을 지칭하는 단어. 특별한 이름을 부여하다."
very,매우; 아주,"정도를 강조할 때 쓰이는 부사."
through,~을 통하여; ~을 관통하여; ~동안 내내,"한쪽 끝에서 다른 한쪽 끝으로 움직이거나, 어떤 기간 내내 지속되거나, 어떤 과정을 거칠 때 사용."
just,단지; 방금,"정확히 그때, 또는 바로 그 짧은 시간 전에. 다른 어떤 것에도 주의를 기울이지 않고 오직 한 가지에만 집중함을 나타낼 때 쓰임."
form,형태; 형식; 구성하다; 만들다,"사물이나 사람의 겉모습 또는 모양. 특정 목적을 위한 정해진 방식. 무언가를 만들거나 형성하는 행위."
sentence,문장,"하나 이상의 단어로 구성되며 완전한 생각이나 의미를 표현하는 구문."
great,위대한; 훌륭한; 대단한,"매우 좋거나 뛰어난 품질, 중요성, 또는 규모를 가진. 양이나 정도로 보아 보통 이상의."
think,생각하다; ~라고 믿다,"머리로 사고하거나 아이디어를 만들어내는 것. 어떤 것이 사실이라고 믿거나 의견을 가지는 것."
say,말하다,이야기하거나 진술하다. 또는 어떤 의견을 표현하다.
help,돕다; 도움,"누군가 일을 하거나 어려움을 극복하도록 지원하거나 봉사함. 또는 그러한 지원."
low,낮은; 적은,높이, 양, 또는 강도가 평균보다 아래인 것을 의미함.
line,선; 줄; 대사,"길고 얇은 표시나 흔적. 사람이나 사물의 열 또는 줄. 연극 등에서 배우가 말하는 대사."
differ,다르다,"같지 않거나 차이가 나다."
turn,돌다; 돌리다; 순서; 차례,"움직이거나 회전하다. 방향을 바꾸거나 회전하게 만들다. 어떤 행동을 할 순서나 차례."
cause,원인; 이유; 야기하다,"어떤 일이나 상황을 발생시키는 이유나 근원. 어떤 일을 일어나게 만들다는 의미."
much,많은; 많이,"양이나 정도가 크다는 것을 나타냄."
mean,의미하다,~을 뜻하다,"어떤 단어나 기호, 행동 등이 나타내거나 가리키는 바. 어떤 의도나 목적을 가지고 있다는 것을 나타내기도 함."
before,~전에,"시간적으로 먼저 또는 앞에 있음을 나타냄."
move,움직이다; 이동하다,"어떤 장소에서 다른 장소로 위치를 바꾸거나 이동하는 것을 의미합니다. 동작을 나타낼 때도 사용됩니다."
right,옳은; 오른쪽; 권리,"도덕적으로 올바르거나 공정한. 신체나 사물의 오른쪽 방향. 법적 또는 도덕적으로 어떤 것을 가지거나 할 수 있는 자유."
boy,소년; 남자아이; 자식,"어린 남자 사람."
old,늙은; 오래된,"나이가 많은. 만들어지거나 존재한 지 오래된."
too,또한; 너무,"필요하거나 바라는 것보다 많은 양이나 정도로. '~도'라는 의미로 긍정문에 쓰이기도 함."
same,같은; 동일한,"둘 이상의 사람, 사물 또는 상황이 구별되지 않고 서로 일치하는 것을 나타냄."
tell,말하다; 알리다; 구별하다,"정보를 주거나 무언가를 알리는 행동. 또는 차이점을 구별하는 것을 의미하기도 함."
does,~하다,~입니다,"do 동사의 3인칭 단수 현재형."
set,놓다; 설정하다; 정해진,"어떤 것을 특정 장소나 위치에 두는 것. 도구, 기구 등을 특정 상태로 맞추거나 작동시키는 것. 미리 결정되거나 고정된."
three,셋; 3,"숫자 2보다 크고 4보다 작은 정수. 또는 그 수에 해당하는 것."
want,원하다; 필요하다,"어떤 것을 갖거나 하고 싶은 바람이나 필요를 느낌."
air,공기; 대기,"지구를 둘러싸고 있는 기체 혼합물, 주로 질소와 산소로 이루어져 있음."
well,잘; 우물,"좋은 방식으로 또는 숙련되게. 또는 땅을 파서 지하수를 얻는 구멍."
also,또한, 역시,"앞서 언급된 것과 더해서, 같은 방식으로 또는 마찬가지로."
play,놀다; 연주하다,"즐거운 시간을 보내거나 게임을 하다. 악기를 사용해 음악을 만들다."
small,작은; 소형의,"크기가 보통보다 작거나 적은."
end,끝; 종료; 끝나다,"무엇인가의 마지막 부분. 무엇인가가 완료되거나 더 이상 계속되지 않는 것을 의미하기도 함."
put,놓다; 두다; 넣다,"어떤 것을 특정한 장소나 위치에 이동시키거나 두는 행위."
home,집; 가정,"사람이 살거나 속한 장소."
read,읽다; 독서하다,"글자나 인쇄된 것을 보고 그 내용을 이해하다."
hand,손; 손으로 건네주다,"팔 끝에 있는 신체 부위로, 물건을 잡거나 만지는 데 사용됨. 또는 어떤 것을 누군가에게 주거나 전달하는 행위."
port,항구; 포트,"배가 정박하여 승객이나 화물을 싣거나 내릴 수 있는 곳. 컴퓨터나 장치의 데이터 연결 지점."
large,큰; 넓은,"보통보다 크기나 범위가 상당한."
spell,철자하다; 주문,"단어의 철자를 나열하다. 마법의 힘을 가진 말 또는 행동."
add,더하다; 합하다; 추가하다,"존재하는 수, 양, 목록 등에 다른 것을 합쳐서 전체를 늘리는 것."
even,심지어; ~조차; 평평한,"예상 밖의 것이나 극단적인 예를 강조할 때 쓰이는 부사. 표면이 고르거나 수평임을 나타내는 형용사."
land,땅; 육지; 착륙하다,"넓은 지면이나 육지를 의미. 비행기 등이 지면에 내려앉는 행위를 의미하기도 함."
here,여기; 이리,"말하는 이나 어떤 것이 위치한 장소."
must,~해야 한다; 틀림없이 ~일 것이다,"의무나 필요성을 강하게 나타내거나, 어떤 것이 사실일 가능성이 매우 높다고 추측할 때 사용됨."
big,큰; 거대한,"크기가 보통보다 훨씬 큰 것을 나타냄."
high,높은; 높이,"지면에서 위로 상당한 거리. 양, 정도, 강도 등이 큰 것을 의미하기도 함."
such,그런; 저런,"이전에 언급되었거나 암시된 종류나 정도를 나타내는 데 사용됨."
follow,따르다; 뒤쫓다,"누군가나 어떤 것의 뒤를 따라가거나 이동하다. 지시나 규칙에 순종하거나 행동하다."
act,행동하다, 행동,"무엇을 하다. 또는 어떤 행위나 동작."
why,왜; 이유,"무언가가 발생하는 이유를 묻거나 설명할 때 쓰이는 단어."
ask,묻다; 요청하다,"질문을 하거나 누군가에게 무엇을 해달라고 부탁하는 행위."
men,남자들,"성인 남성들의 복수형. 성별이 남자인 인간들."
change,변화하다; 바꾸다,달라지거나 다르게 되거나 만드는 것.
went,갔다,"go(가다)의 과거형. 어떤 장소로 이동했음을 나타냄."
light,빛; 가벼운; 밝은,"물체를 보이게 하는 에너지 형태. 무게가 적거나 무겁지 않다는 것을 나타내기도 하고, 색상이 밝거나 짙지 않다는 것을 의미하기도 함."
kind,종류; 친절한,"비슷한 특성을 가진 사물들의 무리. 또는 다정하고 보살피는 태도를 보이는."
off,떨어져; 쉬는,"떨어져 있거나 분리된 상태를 나타냄. 일하지 않거나 쉬는 상태."
need,필요,요구하다; 반드시 해야 하다,"필요하거나 원하는 것. 어떤 것이나 어떤 일을 꼭 해야 하는 것."
house,집; 주택,"사람이 살기 위해 지어진 건물."
picture,그림; 사진; 영상; 상상하다,"눈에 보이는 이미지나 표현.カメラ로 찍은 사진, TV 화면에 나타나는 영상, 또는 마음속으로 떠올리는 이미지를 의미하기도 하며, 마음속으로 어떤 것을 상상하는 것을 의미하기도 함."
try,노력하다; 시도하다,"성공하기 위해 어떤 것을 하려고 하거나 달성하려고 애쓰는 것. 어려운 것을 해보거나 시험하는 것."
us,우리,"우리 자신을 가리키는 목적격 대명사."
again,다시,한 번 더. 이전에 했던 행동이나 상태를 반복하거나 재개하는 것을 의미함.
animal,동물,"생물학에서 사람을 제외한 움직이고 감각을 느끼는 유기체를 통틀어 이르는 말."
point,점; 요점; 가리키다,"사물의 끝이나 뾰족한 부분. 이야기나 논의에서 중요한 부분. 손가락 등으로 방향을 나타내거나 가리키는 행위."
mother,어머니; 엄마; 모,"여자 부모. 아이를 낳거나 기른 여자."
world,세상; 세계,"사람, 사물, 사건 등을 모두 포함하는 지구와 그 속의 모든 것."
near,가까운; 근처에,"시간적, 공간적으로 멀리 떨어져 있지 않은."
build,만들다; 짓다; 건설하다,"무언가를 조립하여 구조물을 만들거나 형성하는 것."
self,자신; 자기,"자기 자신의 인격, 개성, 또는 본질."
earth,지구; 흙; 대지,"태양계의 세 번째 행성. 또는 땅이나 토양을 의미함."
father,아버지; 아빠,"남성 부모."
head,머리; 우두머리,"몸의 가장 윗부분. 조직이나 집단의 책임자."
stand,서다; 세우다,~에 위치하거나 똑바로 선 자세를 취하다; 무언가를 똑바로 세우다.
own,자신의; 스스로 하다; 소유하다,"자신에게 속하거나 자신이 가진 것을 나타냄. 어떤 것을 소유하거나 자신이 직접 하거나 결정하는 것을 의미하기도 함."
page,페이지; 쪽,"책이나 문서의 한 면."
should,~해야 한다; ~하는 것이 좋다,"의무, 필요성, 권장사항 또는 가능성을 나타내는 조동사. ~하는 것이 옳거나 적절함을 표현할 때 쓰임."
country,나라; 고향,"한 국가 또는 영토. 특히 정치적으로 조직된 곳을 말함. 태어난 곳이나 속한 곳을 의미하기도 함."
found,찾았다; 설립하다,"(find의 과거 및 과거분사) 무언가를 발견하거나 찾았을 때 사용되는 단어. 또는 단체나 기관을 새로 시작하거나 만드는 것을 의미함."
answer,대답; 응답; 정답,"질문에 대한 말이나 글. 문제에 대한 해결책이나 결과를 의미하기도 함."
school,학교,"학생들이 배우는 건물이나 기관."
grow,자라다; 성장하다; 재배하다,"생물의 크기나 나이가 커지다. 식물을 기르거나 재배하다."
study,공부; 학습; 연구,"지식이나 기술을 배우기 위해 시간과 노력을 들이다. 어떤 주제에 대해 깊이 조사하는 것."
still,여전히; 아직; 그래도,"과거나 현재에 계속해서 어떤 상태나 상황이 중단되지 않고 지속됨을 나타내는 부사."
learn,배우다; 학습하다,"지식, 스킬 또는 행동을 습득하거나 익히는 것."
plant,식물; 심다,"자라면서 보통 푸른 잎, 줄기, 뿌리를 가지고 있는 생명체. 씨앗이나 어린 식물을 심어서 자라게 하는 행위."
cover,덮다; 덮개; 가리다,"어떤 것을 다른 것으로 완전히 덮거나 싸다. 표면을 보호하거나 숨기는 데 사용되는 물건."
food,음식; 식품,"사람이나 동물이 살아가기 위해 먹는 것."
sun,태양; 해,"태양계 중심에 있는 별로서 빛과 열을 제공함."
four,넷; 넷의; 4,"숫자 4."
between,~사이에,"둘 이상의 사물이나 사람의 가운데 위치해 있음을 나타냄."
state,상태; 주; 진술하다,"어떤 특정 시점의 상황이나 조건; 나라 안의 정치적으로 조직된 지역; 공식적으로 말하거나 쓰다."
keep,유지하다; 계속하다; 지키다,"어떤 상태나 조건을 유지하며 계속하는 것. 약속이나 규칙 등을 지키는 것."
eye,눈,"사람이나 동물이 사물을 보고 볼 수 있는 신체 기관."
never,결코; 절대로,"과거, 현재 또는 미래의 어떤 때에도 발생하지 않거나 사실이 아님을 나타내는 부사."
last,마지막의; 지난; 계속되다,~의 끝에 오는 것, 더 이상 다른 것이 없는 것. 시간상으로 가장 최근인 것. 어떤 기간 동안 계속되거나 지속되는 것.
let,~하게 두다; 허락하다,~하는 것을 허락하거나 가능하게 하다.
thought,생각,"생각하거나 숙고하는 과정이나 결과. 마음속에 떠오르는 아이디어나 의견."
city,도시,크고 중요한 건물들이 많고 사람들이 많이 사는 곳.
tree,나무,"줄기와 가지가 있고 일반적으로 키가 큰 다년생 식물."
cross,가로지르다; 건너다; 교차하다; 십자가,"어떤 것을 가로질러 지나가거나 이동하는 것. 길이나 강 등을 건너는 것. 두 선이나 길이 서로 만나는 것. 고난이나 희생을 상징하는 기독교의 상징물."
farm,농장,"농작물을 재배하거나 가축을 기르는 땅이나 사업체."
hard,힘든; 어려운; 단단한; 열심히,"만만치 않거나 쉽지 않은. 쉽게 구부러지거나 부서지지 않는. 많은 노력과 에너지를 들여."
start,시작하다; 시작,"어떤 것의 첫 부분이나 처음으로 일어나거나 존재하는 지점. 어떤 활동이나 과정에 착수하거나 시작하는 것을 의미하기도 함."
might,~일지도 모른다; 힘,"가능성이나 불확실성을 나타내는 조동사. 강력한 힘이나 능력을 의미하기도 함."
story,이야기; 사연,"실제 또는 상상의 사건들의 서술."
saw,톱; 보았다,"나무 등을 자르는 데 사용하는 도구. 'see(보다)'의 과거형으로, 과거 시점에 무언가를 보았음을 의미함."
far,멀리; 먼,"거리나 공간적으로 떨어져 있음을 나타냄. 시간적으로 오래되었거나 미래의 일함을 의미하기도 함."
sea,바다,"지구 표면의 넓은 부분을 차지하는, 소금물로 된 거대한 범위."
draw,그리다; 끌다; 당기다,"종이나 다른 표면에 그림을 만들다. 어떤 것을 특정 방향으로 움직이게 하다."
left,왼쪽,왼편; 남겨진; 떠난,"오른쪽의 반대 방향. 남겨지거나 버려진 상태. 어떤 장소를 떠난 상태를 나타냄."
late,늦은; 늦게,"예정되거나 일반적인 시간 이후에 일어나는 또는 도착하는. 시간이 많이 지난 상태."
run,달리다; 운영하다,"빠른 속도로 발을 움직여 이동하다. 사업체나 조직을 관리하다."
don't,~하지 마세요,"don't는 do not의 줄임말로, 어떤 행동을 하지 말라고 말할 때 사용합니다."
while,~하는 동안; 반면에,"어떤 일이 진행되는 시간. 동시에 두 가지 다른 상황이나 사실을 나타내기도 함."
press,누르다; 언론,"힘을 주어 아래로 또는 앞으로 이동시키는 것. 또는 뉴스, 신문, 방송 등 대중매체를 통틀어 이르는 말."
close,닫다; 가까운,"봉쇄하거나 폐쇄하는 행위; 물리적 또는 가까운 거리에 있는."
night,밤,"해가 지고 다음 날 해가 뜰 때까지의 시간을 의미합니다. 어둠이 있는 시간입니다."
real,진짜; 실제의,"존재하거나 사실인. 상상이나 허구가 아닌."
life,삶; 인생; 생명,"태어나서 죽을 때까지 살아있는 상태. 존재하는 모든 것."
few,몇몇의, 소수의,"많지는 않지만 어느 정도 있는 수나 양을 나타내는 형용사나 대명사."
north,북쪽; 북으로,"방향 중 하나로, 나침반에서 N으로 표시되는 방향. 지도에서 보통 위쪽을 가리킴."
open,열다; 열린,"닫혀 있거나 막혀 있던 것을 통과하거나 접근할 수 있게 하거나 사용 가능하게 만들다. 닫혀 있지 않은 상태."
seem,~인 것 같다; ~으로 보이다,"어떤 특정한 방식으로 보이거나, 느껴지거나, 들리거나, 혹은 생각되는 것을 나타내는 동사."
together,함께; 같이,"두 명 이상 또는 두 개 이상의 것이 한 장소에 있거나 함께 행동하는 것을 나타냄."
next,다음의; 이웃의,"바로 뒤에 오는 것이나 사람. 순서나 공간상으로 바로 옆에 있는 것을 의미하기도 함."
white,하얀색; 흰,"눈이나 우유의 색깔과 같은, 가장 밝은 색."
children,아이들; 자녀들,"어린이(child)의 복수형. 아직 성인이 되지 않은 사람들을 가리킴."
begin,시작; 시작하다,"어떤 일이나 과정의 최초 단계. 무언가를 새로이 시작하는 것을 의미하기도 함."
got,얻었다; 받았다,"get의 과거형 및 과거분사. 무언가를 얻거나 받았다는 것을 나타냄."
walk,걷다; 산책하다; 보행,"발을 움직여 한 장소에서 다른 장소로 이동하는 행위. 특히 leisurely한 산책이나 이동을 의미하기도 함."
example,예,보기,"어떤 종류에 속하는 것 중 하나이거나 더 큰 그룹을 대표하는 것."
ease,쉽게 하다; 편하게 하다,곤란이나 어려움 없이 편안하거나 자유로운 상태. (고통이나 걱정 등을) 덜어주거나 완화시키는 것을 의미하기도 함.
paper,종이; 신문; 서류,"글을 쓰거나 인쇄하기 위해 사용하는 얇은 물질. 정보를 제공하는 인쇄된 일간지. 공식적인 기록에 사용되는 문서."
group,집단; 그룹,"함께 모여 있거나 관련된 사람 또는 사물의 모임."
always,항상; 언제나,"모든 때에; 끊임없이."
music,음악,"소리, 리듬, 멜로디를 사용하여 표현되는 예술 형식; 노래나 연주를 통해 만들어지는 소리."
those,저것들; 저분들,"어느 정도 떨어져 있는 여러 개의 사물이나 사람을 가리킬 때 사용하는 대명사이자 형용사."
both,둘 다; 양쪽의,"둘 또는 두 개의 단위를 모두 의미하는 데 사용되는 단어."
mark,표시; 자국; 점수,"무언가를 구별하거나 표시하는 선, 점 또는 기타 기호. 품질이나 성과를 나타내는 점수."
often,자주; 종종,"빈번하게, 여러 번. 많은 경우에 일어나는 것을 나타냄."
letter,글자; 편지,"알파벳의 구성 요소로 글쓰기에 사용되는 기호. 특정한 사람이나 조직에 보내는 서면 메시지."
until,~까지,"어떤 시점이나 상황이 계속되거나 발생할 때까지를 나타내는 전치사 또는 접속사."
mile,마일,"길이의 단위로, 약 1.609 킬로미터에 해당함."
river,강,"비교적 크고 긴 자연적인 물줄기로, 보통 바다, 호수 또는 다른 강으로 흘러갑니다."
car,자동차,사람이나 물건을 나르기 위한 바퀴 달린 차량으로, 보통 엔진으로 움직이며 도로에서 사용됨.
feet,발들; 피트,"leg 아래부분으로 걷거나 서는 데 사용하는 신체 부위. 길이의 단위로도 사용됨."
care,돌봄; 보살핌; 신경 쓰다,"누군가나 어떤 것을 돌보고 보호하며 관심을 갖는 행위. 어떤 것에 대해 염려하거나 걱정하는 것을 의미하기도 함."
second,두 번째; 초; 다시,"순서에서 첫 번째 다음의 것; 시간의 단위; 한번 더."
book,책; 예약하다,"정보, 이야기 등을 담고 있는 종이로 된 것. 또는 특정 시간에 어떤 자리나 서비스 등을 미리 확보하는 것."
carry,나르다; 옮기다,"들고 움직이거나 한 곳에서 다른 곳으로 전달하는 것."
took,가져갔습니다; 받았습니다; 잡았습니다,"'take' 동사의 과거형으로, 무언가를 잡거나, 가져가거나, 받거나 하는 행위를 과거에 했음을 나타냅니다."
science,과학,"자연 세계 또는 물리적 세계의 구조와 행동에 대한 지식 체계로, 관찰과 실험을 통해 얻어지고 체계적으로 정리됨."
eat,먹다,"음식을 씹거나 삼켜 몸 안으로 받아들이는 행위를 하다."
room,방; 공간,"건물의 칸을 나눈 공간. 어떤 활동을 하거나 어떤 것을 놓을 수 있는 여유 공간."
friend,친구,"서로를 알고 좋아하며, 함께 시간을 보내는 사람."
began,시작했다,"'begin'의 과거형. 어떤 일이나 과정, 상태가 처음으로 생겨나거나 시작된 것을 나타냄."
idea,생각; 아이디어,무엇인가에 대해 상상하거나 이해하는 것, 또는 새롭거나 독창적인 생각.
fish,물고기; 낚시하다,"아가미로 숨쉬며 물에서 사는 동물. 물고기를 잡는 행위."
mountain,산,"지표면 위로 높이 솟아오른 지형."
stop,멈추다; 중지하다,"움직임이나 활동이 끝나는 것 또는 그렇게 만드는 것."
once,한 번; 한때,"과거에 한 번. 이전의 어느 때에 일어났던 일을 나타냄."
base,기반; 기초; 염기,"어떤 것의 가장 낮은 부분이나 밑바탕. 추상적인 의미에서 사상, 이론 등의 근거를 뜻하기도 함. 화학에서 쓰이는 물질의 한 종류."
hear,듣다,"소리를 귀로 인지하거나 이해하다."
horse,말,"큼직한 동물로 사람이 타고 다니거나 짐을 나르는 데 사용됨."
cut,자르다; 베다; 깎다,"칼, 가위 등 날카로운 도구로 사물의 일부를 나누거나 분리하는 행위. 가격, 비용 등을 줄이는 것을 의미하기도 함."
sure,확실한; 반드시,~을 확신하는. 틀림없이 그렇게 될 것이라고 생각하는.
watch,보다; 시계,"시간을 알리는 작은 장치. 눈으로 무엇인가를 주목하여 보거나 지켜보는 행위."
color,색; 색깔,"사물이 빛을 받아서 나타내는 여러 가지 고유한 빛깔의 종류."
face,얼굴; 직면하다,"사람이나 동물의 머리 앞부분. 또한 문제나 상황을 용감하게 마주하다는 의미도 가짐."
wood,나무; 목재,"나무의 딱딱하고 섬유질로 된 물질. 건축물이나 가구를 만드는 데 특히 사용됨."
main,주요한, 주된,"가장 중요하거나 크거나 주된."
enough,충분한; 충분히,"필요하거나 원하는 만큼의 양으로, 더 이상 필요 없거나 적당한 것을 의미함."
plain,평범한; 명백한,"특별하거나 눈에 띄는 특징이 없는, 보통의. 이해하기 쉽고 분명한."
girl,소녀; 여자아이,"어린 여성."
usual,보통의; 평소의,"평범하거나 흔하게 일어나는 것을 설명할 때 사용되는 형용사."
young,어린; 젊은; 어린아이,"나이가 적거나 성숙하지 않은 상태. 또는 어린 시절의 사람."
ready,준비된; 준비하다,"어떤 일을 할 준비가 되어 있는 상태이거나, 어떤 일을 할 준비를 하는 것."
above,~위에; ~보다 높은,"어떤 것보다 높은 위치나 높은 수준에 있음을 나타냄."
ever,항상; 언제나; 단 한번이라도,"어떤 때라도, 또는 모든 때에. 의문문이나 부정문에 쓰여 경험이나 가능성을 나타내기도 함."
red,빨간색,가장 긴 파장 범위에 속하는 색. 불이나 피의 색깔과 같음.
list,목록,항목들을 차례로 나열한 것.
though,비록 ~일지라도; ~이지만,"어떤 사실을 인정하면서도 그와 반대되거나 대조되는 내용을 뒤따르는 절에서 말하고자 할 때 쓰는 접속사."
feel,느끼다; 감촉,"신체적 또는 감정적 감각을 경험하다. 어떤 것의 표면을 손으로 만져 인식하다."
talk,말하다; 이야기하다; 대화; 연설,"생각이나 느낌을 말로 표현하거나 교환하는 것. 또는 그렇게 하는 행위나 결과."
bird,새,"날개가 있고 보통 날 수 있는 척추동물. 부리와 깃털이 있음."
soon,곧; 곧바로,"짧은 시간 안에, 멀지 않은 미래에."
body,몸; 신체,"사람이나 동물의 물리적 구조 전체를 가리킵니다. 어떤 사물의 주요 부분이나 덩어리를 의미하기도 합니다."
dog,개; 강아지,"사람과 함께 사는 흔한 동물로, 보통 충성스럽고 놀기 좋아하며 짖는 소리를 냄."
family,가족,"부모와 자녀처럼 함께 살거나 가까운 관계에 있는 사람들."
direct,직접의; 직접 하다; 지시하다; 감독하다; 길을 안내하다,"중간 단계를 거치지 않고 바로 연결되거나 행해지는. 어떤 방향으로 향하게 하거나 이끌다. 결정하거나 통제하다."
pose,자세; (질문 등을) 제기하다,"사람이나 동물의 특정 위치나 자세. 또는 문제, 질문 등을 제시하거나 제기하는 것."
leave,떠나다; 남기다; 맡기다,"어떤 장소나 사람이 있는 곳을 떠나다. 어떤 것을 뒤에 남겨두거나 맡겨두다."
song,노래; 곡,"음악적인 소리가 결합되어 만들어진 곡으로, 보통 가사가 붙어 있습니다."
measure,재다; 측정하다; 조치; 척도,"크기, 양 또는 정도를 결정하다. 문제 해결을 위한 행동이나 단계를 의미하기도 함."
door,문,"건물이나 자동차 등에 드나들 수 있도록 만든 여닫는 장치."
product,제품; 상품,"만들어진 것. 판매를 위해 생산된 물건."
black,검은색; 까만색; 검정,"가장 어두운 색으로, 빛을 흡수하고 반사하지 않는 색."
short,짧은; 부족한,"길이, 시간, 거리 등이 보통 수준보다 미치지 못하는. 필요한 양이나 수준에 미달하는."
numeral,숫자; 수사,"수량을 나타내는 기호 또는 단어."
class,수업; 반; 계급,"학교에서 배우는 과목이나 시간. 같은 나이대의 학생들 그룹. 사회적 또는 경제적 위치에 따라 나뉜 사람들의 집단."
wind,바람,"공기의 움직임. 공기의 자연스러운 흐름."
question,질문; 문제,"정보를 얻기 위해 묻는 말 또는 해결해야 할 어려운 사항."
happen,일어나다,발생하다,"예기치 않게 또는 계획 없이 무엇인가 일어나거나 발생함을 나타내는 동사."
complete,완전한; 완료하다; 완성하다,"모든 부분이 다 갖춰져 있거나 필요한 모든 단계를 거쳐 끝마친 상태. 어떤 일을 끝내거나 완성하는 것을 의미하기도 함."
ship,선박; 배,"사람이나 물건을 싣고 물 위를 이동하는 크거나 작은 수송 수단."
area,영역; 지역; 구간,"특정 목적이나 활동을 위해 분리된, 또는 특징이 같은 공간의 일부."
half,절반,반쪽; 반의,"전체의 두 개로 나눈 같은 부분 중 하나."
rock,바위; 암석; 흔들다,"크고 단단한 자연적인 돌 덩어리. 또는 앞뒤로 부드럽게 움직이게 하거나 움직이는 것."
order,주문; 순서; 명령; 정리하다,"물건을 요청하거나 사기 위해 하는 행위. 물건이나 사람이 특정 방식대로 놓여 있는 배열. 누군가에게 무엇을 하라고 지시하는 공식적인 지시. 물건을 깔끔하게 배치하는 것."
fire,불; 화재; 해고하다,"타오르는 열, 빛, 연기. 파괴적인 연소 현상. 일자리에서 쫓아내는 것."
south,남쪽; 남부,"네 방향 중 하나로, 북쪽의 반대 방향. 또는 어떤 지역이나 나라의 남쪽 부분."
problem,문제; 골칫거리,"해결해야 하거나 다루기 어려운 상황이나 일."
piece,조각; 부분,"하나의 전체에서 잘라내거나 떼어낸 부분."
told,말했다; 이르다,"'tell'의 과거형 및 과거분사형으로, 전달하거나 알리다를 의미함."
knew,알았다,"know 동사의 과거형으로, 과거에 정보를 인지하거나 경험을 가지고 있었음을 나타냄."
pass,지나가다; 통과하다; 합격하다,"어떤 장소나 옆을 지나가거나, 시험이나 과정 등을 성공적으로 마치다."
since,~부터; ~이래,"과거의 특정 시점 이후 계속됨을 나타냄. 또는 어떤 일이 일어난 이유를 나타냄."
top,정상; 꼭대기; 최고,"가장 높은 부분 또는 지점. 어떤 그룹의 최고나 최고의 것을 의미하기도 함."
whole,전체,"일부로 나눠지지 않은, 모든 것을 포함하는."
king,왕,"나라를 다스리는 남성 군주."
space,우주; 공간,"별, 행성, 은하 등이 존재하는 끝없는 영역. 어떤 것이 차지하거나 들어갈 수 있는 물리적 여유 공간이나 면적."
heard,들었다,과거에 귀로 소리를 인지한 상태. 'hear'의 과거형.
best,최고의; 가장 좋은,"가장 훌륭하거나 뛰어나서 다른 것보다 나은 상태."
hour,"시간;""60분으로 이루어진 시간을 세는 단위. 하루의 24분의 1에 해당하는 시간."""
better,더 나은; 더 좋게,"더욱 우수하거나 적합한 상태에 있는 것; 기준보다 더 좋게."
true,참된; 진실된,"사실과 일치하거나 현실과 부합하는."
during,~동안에; ~중에,"어떠한 기간이나 사건이 진행되는 동안에."
hundred,백,100을 나타내는 수.
five,다섯,숫자 5 또는 다섯 개를 나타내는 단어.
remember,기억하다; 추모하다,"과거의 사건, 사람 또는 정보를 마음속에 떠올리거나 유지하는 것. 기념하다는 의미로도 쓰일 수 있음."
step,발걸음; 단계; 조치,"한 발을 다른 발 앞에 놓으며 걷거나 움직이는 동작. 어떤 일을 완수하기 위한 과정의 한 부분을 의미하기도 함."
early,이른; 초기의,"기준 시간보다 앞서거나, 시간 주기의 시작 부분에 있는."
hold,잡다; 들다; 지지하다,"손으로 물건을 잡거나 든 상태를 유지함. 또는 넘어지지 않도록 지지함."
west,서쪽,"해지는 방향. 나침반 상의 네 가지 주요 방향 중 하나."
ground,땅; 지면; 근거; 이유,"지표면. 어떤 일이 발생하거나 존재해야 하는 이유나 기반."
interest,관심; 이자,"무엇이나 누군가에 대해 가지고 있는 호기심이나 흥미. 돈을 빌려준 대가로 받는 추가 금액."
reach,도달하다; 닿다; 이르다,"어떤 장소에 도착하거나, 손을 뻗어 어떤 것을 잡거나 닿는 것. 또는 어떤 수준이나 목표를 달성하는 것."
fast,빠른; 빨리,"시간이 짧거나 속도가 빠르다는 것을 나타냄. 또는 빠르게 움직인다는 것을 의미하기도 함."
verb,동사,"사람이나 사물의 행동이나 상태를 나타내는 단어."
sing,노래하다,"목소리로 음악을 만들어내다."
listen,듣다,"소리나 말을 귀담아 듣는 행위."
six,여섯; 6,"다섯보다 크고 일곱보다 작은 수자 또는 그 수량을 나타내는 명사 또는 형용사."
table,테이블; 식탁; 표,"식사, 작업 등을 위해 사용하는 평평한 윗부분과 지지대(다리 등)가 있는 가구. 정보나 데이터를 정리하여 보여주는 표."
travel,여행하다; 여행,"장소에서 장소로 이동하는 것. 특히 먼 거리를."
less,더 적은; 덜,"수량, 정도 또는 중요성이 더 작음을 나타냄."
morning,아침,하루의 시작 부분. 해가 뜨기 시작하는 시간.
ten,열,"숫자 9+1을 나타내는 수."
simple,단순한; 간단한,"쉬운, 복잡하지 않은, 이해하거나 하기에 어렵지 않은."
several,몇; 여러,"둘 이상이지만 많지 않은 수를 가리킬 때 사용됨."
vowel,모음,"말할 때 성대를 울리며 입술이나 혀로 숨 막힘 없이 소리내는 알파벳 글자."
toward,~쪽으로; ~향하여,"어떤 방향이나 목적지를 향해 가는 것을 나타내는 전치사."
war,전쟁,"나라나 집단 간의 무력 충돌 상태."
lay,놓다; 두다; 눕다,"무엇을 부드럽게 내려놓거나 특정한 위치에 두는 것. 사람이나 동물이 수평 위치에 있는 것을 의미하기도 함."
against,~에 반대하여; ~에 맞서,"무언가 또는 누군가에 반대하거나 대립하는 위치 또는 행동을 나타냄."
pattern,양식,양상,무늬; 패턴,"규칙적으로 또는 반복적으로 발생하는 방식이나 모양."
slow,느린; 천천히,"움직임이 빠르지 않거나 시간이 오래 걸리는."
center,중심; 중앙,가운데 또는 중심 부분을 의미합니다. 사람들, 사물, 또는 활동이 모이는 장소를 가리키기도 합니다.
love,사랑; 애정; 좋아하다,"깊은 애정이나 열정의 감정. 어떤 것이나 누군가를 매우 좋아하는 것을 의미하기도 함."
person,사람; 인물,"개인으로서의 인간이나 동물. 특정 역할이나 특징을 가진 개체를 가리키기도 함."
money,돈,"교환의 수단으로 통용되는 것. 일반적으로 동전이나 지폐의 형태를 띤다."
serve,제공하다; 봉사하다; 근무하다,"음식이나 음료를 내놓거나, 의무를 수행하거나, 어떤 목적에 기여하다. 특정한 역할이나 기능을 하다."
appear,나타나다; 보이다,"어떤 것이 보이게 되거나 존재하게 되는 것. 특정 방식으로 보이거나 인상을 주는 것."
road,길; 도로,"차량이나 사람이 이동할 수 있도록 만든 땅 위의 통로."
map,지도; 약도,"지리적인 영역의 특징이나 다른 사물의 분포를 표시한 그림이나 도표."
rain,비; 비가 오다,"하늘에서 떨어지는 물방울. 하늘에서 물방울이 떨어지는 현상."
rule,규칙; 통치하다,"따르거나 따라야 하는 지침이나 원칙. 또는 어떤 지역, 국가, 사람들을 지배하거나 통제하는 것."
govern,통치하다; 다스리다; 지배하다,"나라, 조직, 또는 사람들을 통치하거나 지배하다. 또는 어떤 것을 통제하거나 영향을 미치다."
pull,끌다; 당기다,"힘을 가하여 어떤 것을 자기 쪽이나 특정 방향으로 움직이게 하는 것."
cold,찬; 추운; 감기,"온도가 낮거나 차가운 상태. 또는 몸이 아파서 열이 나고 기침 등이 나는 병."
notice,알아채다; 공지; 통지,"보고 알거나 인지하는 것; 중요한 정보나 경고의 공식적인 발표."
voice,목소리; 음성; 의견,"사람이 말을 하거나 노래를 부를 때 나오는 소리. 어떤 의견이나 생각을 표현하는 것을 의미하기도 함."
unit,단위,"측정, 계산 또는 구성의 기준이 되는 단일한 양이나 개체."
power,힘; 권력; 능력,"물리적인 또는 정신적인 강함. 통제하거나 영향을 미칠 수 있는 능력."
town,읍; 마을,"도시보다 작고 마을보다 큰 거주 지역."
fine,좋은; 괜찮은; 잘 끝내다; 벌금,"상태가 좋거나 건강한. 무언가를 잘 마쳤다는 의미로 쓰이기도 함. 법이나 규칙 위반에 대한 금전적 처벌."
certain,확실한; 특정한,"의심할 여지가 없거나 분명한. 이미 정해져 있거나 알려져 있는."
fly,날다; 파리,"공중을 움직이다. 두 쌍의 투명한 날개를 가진 흔한 작은 곤충."
fall,떨어지다; 가을,"중력에 의해 아래로 내려가거나 이동하는 것. 1년 중 여름과 겨울 사이의 계절."
lead,이끌다; 납,"사람이나 동물 등을 앞장서서 원하는 곳으로 데리고 가는 것. 또는 무겁고 무른 금속 원소의 한 종류."
cry,울다; 외치다,"슬픔, 고통 등의 감정으로 눈물을 흘리거나 소리를 내다. 큰 소리로 외치다."
dark,어두운; 암흑,"빛이 적거나 없는 상태. 색깔이 짙은 것을 묘사할 때 사용."
machine,기계; 기구,"특정 작업을 수행하기 위해 부품들이 함께 작동하도록 배열된 장치."
note,메모; 필기; 주목하다; 음표,"상기시키기 위해 간단히 적은 것. 학습하거나 기억하기 위해 적은 글. 무언가에 주의를 기울이거나 알아차리는 것. 음악에서의 소리의 높이와 길이를 나타내는 기호."
wait,기다리다,"어떤 일이 일어나거나 어떤 사람이 오기를 기대하며 시간을 보내는 것."
plan,계획; 기획하다,"무엇을 할지에 대해 미리 생각하고 상세한 내용을 만드는 것. 또는 그런 내용."
figure,수치; 숫자; 인물,"형태나 모양; 계산에 쓰이는 수; 중요한 사람."
star,별,"밤하늘에서 빛나는 천체. 재능이 뛰어나거나 유명한 사람을 가리키기도 함."
box,상자; 통,"사물을 담거나 포장하는 데 쓰는, 주로 사각형 모양의 용기."
noun,명사,"사람, 장소, 사물 또는 아이디어를 나타내는 단어."
field,들판; 분야; 경기장,"넓게 펼쳐진 땅. 연구나 활동이 이루어지는 전문적인 영역. 스포츠 경기가 열리는 장소."
rest,휴식; 쉬다,"피로나 스트레스를 해소하기 위해 활동을 중단하는 것. 또는 그러한 상태."
correct,올바른; 수정하다,"틀리지 않고 사실과 일치하는. 또는 실수나 오류를 바로잡다."
able,~할 수 있는,유능한,"어떤 것을 할 능력이나 기술이 있는 것을 의미합니다."
pound,파운드; 두드리다,"영국에서 사용되던 통화 단위 또는 무게 단위. 무엇인가를 반복해서 세게 치는 행위를 의미하기도 함."
done,완료된; 끝난,"'do'의 과거 분사형으로, 무엇인가가 끝났거나 완성되었음을 나타냅니다."
beauty,아름다움; 미인,"매력적이거나 즐거운 자질이나 특성. 특히 시각적인 것."
drive,운전하다; 몰고 가다; 추진하다,"차량과 같은 탈것을 조종하여 이동하는 것. 무언가를 앞으로 나아가게 하거나 어떤 상태로 몰아가는 힘이나 행동."
stood,섰다,서 있었다,"'stand'의 과거형으로, 서 있는 자세를 취했거나 서 있는 상태에 있었음을 나타냄."
contain,포함하다; 담고 있다,"무언가를 안에 가지거나 포함하는 것; 어떤 것을 안에 넣을 수 있는 용량이나 공간을 가지는 것."
front,앞,정면,"사물이나 공간의 가장 앞쪽 부분."
teach,가르치다,"지식이나 기술을 배우도록 돕거나 안내하다."
week,주,"월요일부터 일요일까지, 총 7일로 이루어진 기간."
final,최종적인; 마지막의,"끝이나 결말 부분에 있는, 더 이상의 변화나 추가가 불가능한."
gave,주었다
green,녹색; 초록색,"잔디, 잎과 같은 식물의 색깔."
oh,오; 아,"놀람, 고통 또는 이해를 나타낼 때 사용되는 감탄사."
quick,빠른; 신속한,"짧은 시간 내에 이루어지거나 움직이는. 지체 없이 또는 신속하게."
develop,개발하다; 성장하다; 발달시키다,"잠재된 능력이나 재능을 키우거나 향상시키다. 서서히 커지거나 발전하다. 새로운 것을 만들거나 개선하다."
ocean,대양; 바다,"매우 크고 넓은 소금물 지역."
warm,따뜻한; 온화한,"약간의 온기가 있는 상태. 차갑지 않은 기온이나 기분 좋은 온도를 나타냄."
free,자유로운; 무료의,"구속받지 않거나 제한되지 않은 상태. 또는 돈을 지불할 필요가 없는."
minute,분; 순간,"시간의 단위 (60초). 매우 짧은 시간을 의미하기도 함."
strong,강한; 강력한,"육체적으로 힘이 세거나, 정신력이 굳세거나, 어떤 것에 저항하는 힘이 큰."
special,특별한; 특별한 것,보통과 다르거나 흔치 않은.
mind,마음; 정신; 생각,"사고, 감정, 의지를 담당하는 뇌의 부분. 또는 생각하거나 기억하는 능력."
behind,~뒤에; 뒤떨어져서,"어떤 것의 뒷면 또는 뒤쪽에서. 시대에 뒤떨어지거나 계획보다 늦어진 상태를 나타내기도 함."
clear,맑은,깨끗한; 명확한,"투명하거나 흐릿하지 않아 잘 보이거나 들리는 상태. 이해하기 쉽거나 의심의 여지가 없는 상태."
tail,꼬리; 미행하다,"동물 몸의 뒷부분에 길게 늘어진 부분. 또는 다른 사람을 몰래 따라가는 행위."
produce,생산하다; 생산량,"무언가를 만들거나 생산하는 것; 생산되거나 만들어진 것."
fact,사실; 실제,"정확하다고 알려진 것이나 실제로 일어난 일. 실제 상황."
street,거리; 길,"도시나 마을에서 건물 사이에 나 있는 도로."
inch,인치,"길이의 단위로, 약 2.54 센티미터."
multiply,곱하다; 늘리다,"어떤 수를 다른 수만큼 반복해서 더하는 것. 또는 수량이나 양이 증가하는 것을 나타냄."
nothing,아무것도,"존재하거나 중요하지 않은 것."
course,과정; 강좌; 코스,~하는 순리 또는 방식. 특히 학습 과목이나 식사의 일부를 의미할 수 있음.
stay,머무르다; 지내다,"어떤 장소에 일정 시간 동안 계속 있거나 떠나지 않고 머무는 것."
wheel,바퀴,"수레, 자동차 등의 이동을 위해 둥글게 만들어 축에 중심을 두고 회전하는 물체."
full,꽉 찬; 가득한,"더 이상 무언가를 담을 수 없거나 공간이 남지 않은 상태. 양이 많거나 전부를 포함하는."
force,힘; 강요하다,"누군가나 어떤 것을 움직이거나 변화시키기 위해 가해지는 물리적인 힘이나 영향력. 또는 어떤 행동을 하도록 강요하는 것을 의미함."
blue,파란; 우울한,"하늘이나 바다색과 같은 색. 기분이 슬프거나 우울한 상태를 나타내기도 함."
object,물체; 반대하다,"보거나 만질 수 있는 것. 또는 어떤 사람이나 생각에 강력히 반대하거나 동의하지 않는 것을 의미함."
decide,결정하다; 결정짓다,"무엇을 할지 또는 어떻게 할지 선택하거나 결론을 내리는 것."
surface,표면; 겉,"물체나 공간의 가장 바깥쪽 부분. 겉모습이나 외부적인 측면을 의미하기도 함."
deep,깊은,끝에서 표면까지의 거리가 길거나 멀거나, 이해하기 어렵거나 복잡한
moon,달,지구를 도는 자연 위성으로 밤에 밝게 빛나는 둥근 천체.
island,섬,"바다나 호수로 둘러싸인 땅덩어리."
foot,발; 피트,"다리의 가장 아래쪽 부분으로 서거나 걷는 데 사용됨. 길이의 단위를 나타내기도 함."
system,시스템; 체계,"여러 부분이 함께 작동하여 하나의 전체를 이루는 조직화된 집합체나 방법."
busy,바쁜; 분주한,"많은 일이나 활동을 하느라 시간이 없는 상태. 전화선 등이 사용 중인 것을 나타내기도 함."
test,시험; 테스트; 시험하다,"지식, 기술 또는 능력 등을 평가하기 위해 수행되는 검사."
record,기록; 녹화하다,"어떤 사실이나 정보를 문서, 음성 또는 영상으로 남기는 것."
boat,배, 보트,"물 위를 움직이는 작은 선박."
common,흔한; 평범한; 공통적인,"자주 발생하거나 발견되어 특별하지 않거나 특이하지 않은 것."
gold,금; 황금,"가격이 비싸고 광택이 나는 노란색 금속. 부나 가치를 상징하기도 함."
possible,가능한,"일어날 수 있거나 할 수 있는."
plane,비행기; 평면,"하늘을 날아다니는 이동 수단. 또는 평평하고 균일한 표면."
stead,대신; 자리에,"다른 사람이나 사물의 역할이나 자리를 나타냄."
dry,마른; 건조한; 말리다,"습기나 물이 없는 상태. 무언가를 말리는 행위를 의미하기도 함."
wonder,경이,궁금해하다,"놀라움이나 감탄을 불러일으키는 것. 어떤 것에 대해 의문을 갖거나 알고 싶어하는 것."
laugh,웃다; 웃음,"재미있거나 즐거워서 소리를 내며 얼굴 표정을 바꾸는 행동. 또는 그런 소리나 행동."
thousand,천; 수천,"1000에 해당하는 숫자. 매우 많은 수를 나타내기도 함."
ago,전에; 이전에,"현재 시점에서 얼마나 시간이 지났는지 나타낼 때 사용."
ran,달렸다,"'run'의 과거형. 달리기의 과거 동작이나 상태를 나타냄."
check,점검하다; 확인하다; 수표; 확인,"어떤 것이 올바르거나 만족스러운지 알아보기 위해 조사하거나 검토하는 것. 어떤 사실이나 정확성을 알아보는 행위. 은행에서 돈을 인출하는 데 사용하는 서류."
game,게임; 경기,"놀이 규칙에 따라 경쟁하거나 즐기는 활동."
shape,모양; 형태,"사물이나 사람의 겉모습이나 윤곽. 어떤 형태나 구조를 만드는 것을 의미하기도 함."
equate,동일시하다; 같다고 생각하다,"두 가지를 서로 같다고 생각하거나 비교하는 것."
hot,뜨거운; 더운; 매운,"온도가 높은 상태. 날씨나 음식이 매우 높은 온도를 가지고 있음을 나타냄. 매운 맛을 표현할 때도 쓰임."
miss,놓치다; 그리워하다; 아가씨,"어떤 기회를 놓치거나 목표에 도달하지 못하는 것. 누군가를 보고 싶어 하는 감정. 결혼하지 않은 젊은 여자를 부르는 말."
brought,가져왔다; 데려왔다,"bring(가져오다, 데려오다)의 과거형 및 과거분사형."
heat,열; 더위; 가열하다,"뜨거운 정도나 느낌. 물체를 뜨겁게 만드는 과정. 뜨겁게 만들다."
snow,눈,"하늘에서 떨어지는 얼음 결정들의 부드러운 하얀 덩어리. 또한 그렇게 내린 얼음 결정 덩어리를 의미함."
tire,타이어; 지치게 하다,"차량의 바퀴를 감싸는 고무 재질의 덮개. 또는 사람이나 동물을 피곤하게 만드는 것."
bring,가져오다; 데려오다,"어떤 장소로 사람 또는 사물을 옮기다."
yes,네; 예,"긍정적인 응답이나 동의를 나타내는 단어."
distant,먼,떨어져 있는; 멀리 떨어진 시간이나 장소를 설명할 때 사용합니다.
fill,채우다; 가득 채우다,"어떤 공간을 물건이나 내용물로 가득 차게 만들다. 특정 공간이나 자리를 차지하다."
east,동쪽; 동,"해 뜨는 방향이며 일반적으로 지도에서는 오른쪽에 해당하는 방향."
paint,페인트; 그리다,"색을 칠하는 물질. 색을 사용하여 그림을 만들거나 표면에 색을 칠하는 행위."
language,언어; 말,"사람들이 서로 의사소통하기 위해 사용하는 단어, 문법, 발음의 체계. 나아가 특정 분야에서 사용되는 기호와 규칙의 체계를 뜻하기도 함."
among,~중에; ~사이에,"셋 이상 또는 그 이상의 사람이나 사물 사이에 위치하거나 속해 있음을 나타낼 때 사용함."
grand,웅장한; 위대한,"크고 인상적인. 중요하거나 높은 지위에 있는."
ball,공,"둥글거나 둥근 모양의 물체. 놀이, 스포츠 또는 장난감으로 사용됨."
yet,아직; 그럼에도 불구하고,"아직 일어나지 않았거나 완료되지 않은 상태를 나타냄. 또는 예상과 달리 어떤 일이 일어났음을 나타냄."
wave,파도; 흔들다,"바다, 호수 등의 표면에 생기는 움직임; 손이나 다른 것을 흔들어서 인사하거나 신호를 보내는 동작."
drop,떨어뜨리다; 떨어지다,"윗쪽에서 아랫쪽으로 움직이거나 이동하는 것. 계획이나 활동을 중단하는 것을 의미하기도 함."
heart,심장, 마음,"가슴 왼쪽에 위치한, 피를 온몸으로 보내는 역할을 하는 장기. 감정, 생각, 정신의 상징적인 의미도 가짐."
am,~이다,"주어 'I'와 함께 현재 진행형이나 상태를 나타낼 때 쓰는 be 동사의 현재형."
present,현재의; 선물; 제공하다,"지금 존재하는 또는 발생하는. 다른 사람에게 주는 물건. 어떤 것이나 누군가를 보여주거나 제공하는 행위."
heavy,무거운; 심한; 많은,"크게 무게가 나가거나 들기 어려운. 정도가 심하거나 양이 많은 것을 나타내기도 함."
dance,춤추다,움직임을 사용하여 음악에 맞추어 표현하거나 즐기는 활동.
engine,엔진,동력이나 힘을 발생시키는 기계. 자동차, 기차, 비행기 등에 사용됨.
position,위치; 자리; 지위,"사람이나 사물이 차지하고 있는 장소 또는 자리. 조직이나 사회에서의 지위나 직책을 의미하기도 함."
arm,팔; 무기,"사람의 어깨에서 손목까지 이르는 신체 부위. 싸움이나 전쟁에 사용되는 도구."
wide,넓은; 폭넓은,"가로로 길거나 넓은 공간. 범위나 종류가 다양함을 나타내기도 함."
sail,돛; 항해하다,"바람을 이용해 배를 움직이는 천이나 구조물. 배를 타고 물 위를 여행하는 행위."
material,재료; 물질; 자료,"무언가를 만들거나 구성하는 데 사용되는 것. 정보나 데이터 등을 의미하기도 함."
size,크기; 사이즈; 치수,"사물이나 사람이 얼마나 큰지를 나타내는 정도. 길이, 면적, 부피 등으로 측정함."
vary,다르다; 변화하다,"서로 같지 않거나 변화하는 성질을 가지다."
settle,정착하다; 해결하다; 결정하다,"새로운 장소에 살기 시작하거나 한 곳에 오래 머무르다. 논쟁이나 문제를 끝내거나 결정하다."
speak,말하다; 이야기하다,"입으로 소리를 내어 단어와 문장을 사용하여 생각이나 감정을 표현하는 것. 대화하는 것."
weight,무게; 체중,"어떤 대상이 가지고 있는 중력의 정도. 사람이나 동물의 몸무게."
general,일반적인; 장군,"대부분의 경우에 해당하거나 특정하지 않은. 군대에서 높은 지위에 있는 사람."
ice,얼음,"물이 얼어서 된 고체 상태."
matter,문제; 일; 중요하다,"다루거나 고려해야 할 주제나 상황; 물리적 실체를 구성하는 물질; 중요한 것으로 간주되다."
circle,원; 동그라미; 돌다; 둘러싸다;,"점들로부터 같은 거리에 있는 평평한 도형이나 그 모양. 또는 무엇인가 주변을 도는 움직임이나 행위."
pair,쌍,한 쌍을 이루는 두 개의 동일한 물건들 또는 짝을 이루는 한 쌍의 사람들.
include,포함하다,~을 포함하거나 일부로 여기다. 목록이나 그룹에 들어가게 하다.
divide,나누다; 분할하다,"전체나 집단을 여러 부분으로 가르거나 쪼개는 것."
syllable,음절,"하나의 모음으로 이루어진 소리의 덩어리. 단어를 발음할 때 한 번에 나는 소리 단위."
felt,느꼈다; 느껴지는,"feel(느끼다)의 과거 및 과거분사형. 감각이나 감정을 경험했음을 나타냄."
perhaps,아마도; 어쩌면,"불확실하거나 가능성이 있음을 나타내는 부사."
pick,고르다; 선택하다; 따다; 집어들다,"여러 가지 중에서 하나를 선택하거나 원하는 것을 집어드는 것."
sudden,갑작스러운,돌연히 예상치 못하게 일어나는 것.
count,세다; 계산하다; 중요하다,"1. 수를 하나씩 헤아리거나 계산하는 것. 2. 어떤 것이 가치나 중요성을 가진다는 의미."
square,정사각형; 제곱,"네 변의 길이가 모두 같고 네 각이 모두 직각인 사각형. 수에 자신을 곱하는 것을 의미하기도 함."
reason,이유; 까닭,"무언가가 일어나거나 누군가가 어떤 식으로 행동하는 원인, 설명 또는 정당화."
length,길이,"사물의 끝에서 끝까지의 측정 가능한 거리나 크기."
represent,나타내다; 대표하다,"무엇인가를 상징하거나 보여주다. 어떤 그룹이나 국가를 대신하여 행동하다."
art,미술; 예술,"시각, 청각 또는 공연 형태의 인간 창의적 기술 및 상상력의 표현 또는 적용, 특히 아름다움이나 감성적 힘을 위해."
subject,주제; 과목; 대상,"토론, 연구 또는 글쓰기의 대상이 되는 사람이나 사물. 학교에서 배우는 분야."
region,지역,범위,"어떤 특징으로 구별되는 영역이나 부분. 특정한 지리적 영역을 의미하기도 함."
energy,에너지; 정력,"어떤 일이나 활동을 할 수 있게 하는 힘. 사람이나 기계에 힘을 주는 원동력."
hunt,사냥하다; 찾다,"동물이나 새를 뒤쫓거나 잡으려고 하는 것. 무언가를 열심히 찾으려고 하는 것을 의미하기도 함."
probable,개연성이 있는; 있을 법한,"어떤 일이 일어날 가능성이 높은 것을 의미함."
bed,침대,"잠을 자거나 휴식하기 위해 사용하는 가구."
brother,형; 오빠; 남동생,"같은 부모를 공유하는 남성 형제."
egg,달걀; 알,"새, 파충류, 어류 등이 낳는 둥근 모양의 껍질이 있는 알. 특히 요리에 사용되는 닭의 알을 말함."
ride,타다; 탑승; 놀이기구,"말, 자전거, 차량 등에 올라타고 이동하는 행위. 어떤 것을 타는 것 자체나, 놀이공원 등의 놀이기구를 의미하기도 함."
cell,세포; 감방,"생물체의 가장 작은 기본 단위. 교도소에서 죄수들이 갇히는 작은 방."
believe,믿다,"사실이거나 진실이라고 생각하거나 확신하는 것."
fraction,부분, 분수,"전체의 일부. 수학에서는 분수로 표현되는 수를 이름."
forest,숲; 산림,"나무들이 많이 모여 있는 넓은 땅."
sit,앉다; 앉히다,"몸통을 세우고 하지 부분을 구부려 바닥이나 의자 따위에 상반신의 무게를 실어 지탱하는 것."
race,종족; 인종; 경주,"혈통과 외모가 비슷한 사람들의 무리. 또는 누가 더 빨리 움직이는지 겨루는 경쟁."
window,창문,"건물 벽이나 차량 등에 있어 빛이 들어오거나 밖을 볼 수 있도록 만든 구멍."
store,가게; 상점; 저장하다,"물건을 사거나 팔기 위한 장소. 또한 물건을 보관하거나 저장하는 것을 의미하기도 함."
summer,여름,"봄과 가을 사이에 오는 일년 중 가장 더운 계절."
train,기차; 훈련하다,"사람이나 물건을 실어 나르는 바퀴 달린 교통수단. 기술이나 지식을 가르치거나 배우는 것."
sleep,잠; 자다,"의식이 없는 상태로 쉬는 것."
prove,증명하다; 입증하다,"어떤 진술이나 이론이 옳다는 것을 사실이나 증거를 들어 보이는 것."
lone,혼자의; 외로운,"다른 사람이나 사물과 떨어져 홀로 있는 상태를 나타냄."
leg,다리,"몸의 지탱과 움직임을 위해 사용되는 신체 부위."
exercise,운동; 연습하다,"몸을 움직여 건강을 유지하거나 기르기 위한 육체 활동. 어떤 기술을 익히기 위해 반복하여 행하는 훈련을 의미하기도 함."
wall,벽,"건물이나 공간의 경계를 이루는 수직의 구조물."
catch,잡다; 붙잡다,"움직이는 물체를 손으로 붙들어 멈추거나 소유하게 됨. 공 등을 이어 받는 것을 의미하기도 함."
mount,오르다; 산,"(어떤 것에) 올라타거나 오르다; 큰 natural hill."
wish,소원; 바라다,"어떤 일이 일어나기를 간절히 바라거나 소망하는 것."
sky,하늘,"지구 대기의 윗부분, 우리가 위를 볼 때 보이는 파란 공간."
board,널; 판; 탑승하다; 이사회,"나무나 다른 재료로 된 길고 평평한 조각. 배, 기차, 비행기 등에 올라타는 것. 조직의 중요한 결정을 내리는 사람들의 그룹."
joy,기쁨; 즐거움,"매우 행복하거나 즐거운 느낌. 또는 그러한 것을 주는 사람이나 사물."
winter,겨울,"일년 중 가장 추운 계절로, 가을과 봄 사이에 옵니다."
sat,앉았다,"sit (앉다) 동사의 과거형으로, 어떤 표면에 몸의 하중을 지탱하며 비스듬히 앉은 자세를 취했음을 나타냄."
written,쓰여진; 작성된,"과거분사형으로, 글자로 기록되거나 만들어진 것을 나타냄."
wild,야생의; 거친,"길들여지지 않고 자연 상태에 있는 것을 의미하며, 통제되지 않거나 예측할 수 없는 것을 나타내기도 함."
instrument,악기; 도구,"음악을 연주하는 데 사용되는 물건. 어떤 작업을 특별히 수행하는 데 사용되는 물건."
kept,유지했다; 계속했다,"keep의 과거 및 과거분사형. 무언가를 계속 가지고 있거나, 특정한 상태를 유지했거나, 계속해서 어떤 행동을 했다는 것을 나타냄."
glass,유리; 유리잔,"투명하고 단단하며 부서지기 쉬운 물질. 또는 그것으로 만든 컵이나 잔."
grass,잔디; 풀,"땅에 낮게 자라는 흔하고 야생인 녹색 식물. 보통 들판이나 잔디밭에서 볼 수 있다."
cow,소,"집에서 기르는, 우유와 고기를 위해 키우는 큰 네 발 달린 동물."
job,직업; 일자리,"돈을 벌기 위해 규칙적으로 하는 일. 또는 해야 할 특정한 임무나 과업."
edge,가장자리; 모서리,"사물이나 영역의 가장 바깥 부분 또는 끝."
sign,표지판; 서명; 신호,"안내, 경고 또는 정보를 전달하기 위해 공공장소에 표시되는 물체. 이름 등을 자필로 쓰는 것. 어떤 사실을 나타내는 표시나 움직임."
visit,방문하다; 방문,"어떤 장소나 사람을 짧은 시간 동안 찾아가거나 머무는 행위. 또는 그러한 행위 자체."
past,과거; 지난,"현재 이전의 시간. 이미 지나간 시간이나 일을 의미하기도 함."
soft,부드러운; 연한; 약한,"만지거나 누르기에 편안하고 단단하거나 거칠지 않은. 강하지 않거나 약하게 느껴지는 것."
fun,재미,"즐거움이나 유쾌함을 주는 활동이나 경험."
bright,밝은; 빛나는; 영리한,"빛이 많거나 빛나는 것. 색깔이 강한 것. 배우는 데 빠르거나 똑똑한 것."
gas,가스; 기체,"상온에서 쉽게 퍼지고 모양이 없는 물질. 연료로 사용되거나 생활에서 다양하게 쓰임."
weather,날씨,"대기 상태, 즉 기온, 바람, 비, 눈 등을 통틀어 이르는 말."
month,월; 달,"12개의 주기로 나누어진 약 30일간의 단위 시간. 1년의 1/12."
million,백만,"천의 천, 1,000,000을 나타내는 숫자."
bear,곰; 견디다,"크고 털이 많은 포유류 동물. 어려운 상황이나 고통을 참거나 견디는 것을 의미하기도 함."
finish,끝내다; 마치다; 끝나다,"무엇인가를 완료하거나 완수하는 것. 또는 어떤 일이 완료되거나 완수되는 것을 의미."
happy,행복한; 즐거운,"기쁘거나 즐거운 감정을 느끼거나 표현하는 상태."
hope,희망; 바라다,"어떤 일이 일어나기를 바라거나 믿는 긍정적인 감정. 어떤 일이 잘 될 것이라고 기대하는 것."
flower,꽃,"색깔과 향기가 있으며 보통 식물의 끝에 피는 아름다운 부분."
clothe,옷을 입히다,"누군가에게 옷을 입히거나 옷을 제공하다."
strange,이상한; 낯선,"알려지거나 예상되는 것과 다르거나 특이한. 이전에 보거나 경험하지 못한."
gone,가버린; 사라진,"더 이상 존재하지 않거나 사용되지 않는."
jump,뛰다; 점프하다,"땅에서 몸을 띄워 위나 앞으로 이동하거나 장애물을 넘는 행동."
baby,아기; 유아,"갓 태어난 사람이나 아주 어린 아이."
eight,여덟; 팔,"7보다 크고 9보다 작은 숫자."
village,마을; 촌락,"시골 지역에 있는 작은 규모의 사람 거주지."
meet,만나다; 회의하다,"사람을 처음 알게 되거나 약속하여 보다. 또는 여러 사람이 특정 안건에 대해 논의하기 위해 모이는 것."
root,뿌리; 근원; 원인,"식물의 땅속 부분. 문제나 상황의 근본적인 원인."
buy,사다, 구매하다,"돈을 주고 어떤 물건의 소유권을 얻는 것."
raise,올리다; 키우다,"위로 움직이거나 가져오다. 아이, 동물, 식물을 돌보고 성장시키는 것을 의미하기도 함."
solve,풀다; 해결하다,"문제나 수수께끼의 해답을 찾거나 어려움을 극복하다."
metal,금속,"광택이 나고 단단하며 열과 전기를 잘 전도하는 물질(예: 철, 구리, 금)."
whether,~인지 아닌지,"두 가지 이상의 가능성 중에서 어떤 것인지 묻거나 말할 때 쓰는 접속사."
push,밀다; 추진하다,"손이나 몸의 일부로 힘을 가하여 다른 사람이나 사물을 움직이게 하거나 앞으로 나아가게 하다."
seven,일곱,"숫자 7을 가리킴."
paragraph,단락; 절,"글에서 주제 문장과 보조 문장들로 구성된 부분. 보통 들여쓰기를 하거나 줄을 바꿔 시작함."
third,세 번째,"셋째 위치에 있거나 오는 것을 나타내는 서수."
shall,~일 것이다; ~해야 한다,"조동사. 미래를 표현하거나 의무, 약속, 제안 등을 나타낼 때 쓰임."
held,잡았다; 개최했다,"hold의 과거형 및 과거분사. 무언가를 손에 쥐거나, 행사 등을 개최하거나, 어떤 상태나 위치를 유지했다는 의미."
hair,머리털; 털,"사람이나 동물의 몸에 자라는 가느다란 실 모양의 것."
describe,묘사하다; 설명하다,"사람, 사물, 사건 등의 특징이나 모습을 말이나 글로 자세히 이야기하거나 나타내다."
cook,요리하다; 요리사,"음식을 준비하고 익히는 행위. 음식을 직업으로 하는 사람을 가리키기도 함."
floor,바닥; 층,"건축물의 가장 아래 부분 또는 각 층의 수평면. 건물에서 특정 높이를 나타내기도 함."
either,~도 아니; 둘 중의 어느 하나,"둘 이상의 것 중에서 하나를 선택할 때 사용하거나, 부정적인 문장에서 '또한'의 의미로 사용."
result,결과; 결실,"어떤 행동, 상황 또는 과정의 최종적인 영향이나 효과."
burn,타다; 불타다; 태우다,"불에 의해 파괴되거나 손상되는 것. 또는 뜨거운 것에 의해 아프거나 다치는 것."
hill,언덕,"땅이 높이 솟아 있으나 산보다는 작은 지형."
safe,안전한; 무사한; 금고,"위험이나 손상으로부터 보호받고 있는 상태. 돈이나 귀중품을 넣어 보관하는 튼튼한 상자."
cat,고양이,"작고 길들여진 육식 동물로, 부드러운 털과 긴 꼬리를 가지고 있으며 야옹 거리는 소리를 냅니다."
century,세기,"100년을 단위로 하는 기간."
consider,고려하다; 생각하다,"신중하게 어떤 것을 생각하거나 검토하여 결정하는 것."
type,종류; 유형,비슷한 특징을 공유하는 사람, 사물 또는 개념의 집합. 어떤 것이 속하는 범주.
law,법,"사회나 정부에 의해 만들어지고 지켜져야 하는 규칙 체계."
bit,조금; 약간,"작은 부분이나 소량을 의미함. 또는 어떤 행동이나 상태가 아주 조금만 그렇다는 것을 나타냄."
coast,해안,해변,"바다 옆의 육지."
copy,복사; 사본,"원래의 것과 같거나 거의 같도록 만든 것; 어떤 것을 그대로 옮겨 쓰는 것."
phrase,구; 구절,"하나 이상의 단어로 구성되지만 완전한 문장은 아닌 단어들의 모임."
silent,조용한; 침묵하는,"소리를 내지 않거나 소리가 거의 없는. 말을 하지 않거나 말하기를 거부하는."
tall,키가 큰; 높은,"보통 키나 높이보다 큰."
sand,모래,"잘게 부서진 암석과 광물 입자가 해변, 사막, 강바닥 등에 쌓인 것."
soil,토양; 흙,"식물이 자라는 지구 표면의 가장 윗부분."
roll,구르다; 말다; 둘둘 감다,"둥근 물체가 표면 위로 움직이거나 굴러가게 하는 것. 종이, 천 등을 원통형으로 말거나 감는 것."
temperature,온도; 기온; 체온,"어떤 물질이나 장소의 뜨겁거나 차가운 정도를 나타내는 측정값. 사람이나 동물의 몸의 따뜻한 정도를 나타내기도 함."
finger,손가락,"손의 끝에 있는 다섯 개의 길고 얇은 부분 중 하나."
industry,산업; 공업,"상품이나 서비스를 생산하는 활동이나 사업."
value,가치; 평가하다,"어떤 사물이나 사람의 중요성, 유용성, 또는 가치를 뜻하며, 가치가 있는 것으로 평가하는 행위를 의미하기도 함."
fight,싸우다; 싸움,"주먹 등으로 서로 치거나 싸우는 행위. 경쟁하거나 논쟁하는 것을 의미하기도 함."
lie,눕다; 거짓말하다,"수평 위치에 몸을 두거나 두게 함. 사실이 아닌 말을 하는 것."
beat,치다; 이기다,"규칙적으로 때리거나 두드리다. 경쟁이나 경기 등에서 다른 사람이나 팀을 이기다."
excite,흥분시키다; 자극하다,"누군가를 흥분하거나 행복하게 만들거나, 어떤 활동이나 감정을 유발하다."
natural,자연의; 자연스러운,"인공적이거나 만들어지지 않은, 자연에 존재하는. 또는 억지로 꾸미지 않아 원래의 모습 그대로인."
view,보다; 견해; 관점,"무엇인가를 보거나 바라보는 행위. 어떤 주제에 대한 개인적인 생각이나 의견."
sense,감각; 지각; 의미,"오감(시각, 청각, 후각, 미각, 촉각) 중 하나. 어떤 것을 느끼거나 깨닫는 능력. 단어나 문장의 뜻."
ear,귀,"듣거나 균형을 유지하는 데 사용되는 신체 기관."
else,다른; 그 밖의,"언급된 것 외의 것을 나타낼 때 사용."
quite,꽤; 상당히,"어느 정도, 완전히는 아니지만 상당한 정도를 나타낼 때 사용됨."
broke,무일푼의; 파산한,"돈이 전혀 없거나, 파산 상태에 있음을 나타내는 비격식 표현."
case,경우; 사례,"상황, 사건 또는 예시를 나타내는 말. 법률에서는 소송 사건도 의미."
middle,가운데; 중앙; 중간,"두 다른 지점이나 끝 사이에 있는 장소나 시간. 어떤 것의 중심 부분."
kill,죽이다; 살해하다,"생명(사람, 동물 등)을 앗아가서 죽게 만들다."
son,아들,"사내아이인 자녀."
lake,호수,"육지로 둘러싸인 큰 물웅덩이."
moment,순간; 잠깐,"매우 짧은 시간. 특정 시점이나 순간을 나타내기도 함."
scale,규모; 저울; 비늘; 확대 축소하다,"크기, 정도, 범위 또는 비율. 무게를 재는 도구. 물고기나 파충류의 단단한 외부 조각. 크기나 비율을 변경하다."
loud,시끄러운; 큰 소리의,"소리가 크거나 시끄러운."
spring,봄; 용수철; 튀어오르다,"네 계절 중 하나로 겨울과 여름 사이. 탄성으로 원래 모양으로 돌아가는 나선형 금속 물체. 갑자기 위나 앞으로 움직이는 동작."
observe,관찰하다; 목격하다; 준수하다,"무언가를 주의 깊게 보거나 알아차리는 것. 또는 규칙, 법, 의무 등을 따르고 지키는 것."
child,아이; 어린이,"갓 태어난 아기부터 사춘기까지의 어린 사람을 가리킴."
straight,곧은; 똑바로,"구부러지거나 굽지 않은 상태. 솔직하거나 정직한 것을 나타낼 때도 쓰임."
consonant,자음,"모음이 아닌, 목소리의 기류를 막거나 방해하여 만들어지는 소리를 나타내는 글자."
nation,국가,국민,"공동의 역사, 문화, 언어를 공유하는 사람들의 큰 집단 또는 그러한 집단이 사는 영토."
dictionary,사전,"단어와 그 의미, 사용법 등을 설명해 놓은 책이나 데이터베이스."
milk,우유,"젖소 등의 젖샘에서 나오는 하얀색 액체. 마시거나 음식을 만드는 데 사용됨."
speed,속도; 빨리 가다,"움직이거나 행동하는 빠르기. 또는 어떤 사물이 빨리 움직이거나 진행하는 것을 의미하기도 함."
method,방법; 방식,"어떤 일을 하기 위한 특정 절차나 체계적인 방식."
organ,기관; 장기; 오르간,"생물체의 특정 기능을 수행하는 신체의 부분. 또는 공기가 파이프를 통과하여 소리를 내는 큰 건반 악기."
pay,지불하다; 봉급,"어떤 것에 대해 돈을 주거나 봉급을 받는 것."
age,나이; 연령,"사람, 동물, 또는 사물의 나이."
section,구분; 섹션; 부분,"전체 중 한 부분. 책, 문서 등의 일부분이나 건물 등의 공간을 의미함."
dress,드레스; 옷,"여자나 어린이가 입는 원피스 형태의 옷. 의복 전반을 가리키기도 함."
cloud,구름,"하늘에 떠다니는, 수증기가 엉겨 붙어 만들어진 작은 물방울이나 얼음 결정체의 모임."
surprise,놀라움; 놀라게 하다,"예기치 못한 사건이나 상황으로 인해 느끼는 감정. 또는 누군가를 놀라게 하거나 예상치 못한 일을 경험하게 하는 행위."
quiet,조용한; 고요한; 조용함; 고요함,"소음이나 소란이 적거나 없는 상태를 설명하거나 그런 상태를 의미함. 조용히 하라는 명령이나 요청으로도 쓰임."
stone,돌; 석재,"단단한 암석 조각 또는 건축 등에 사용되는 재료. 과일 씨앗을 뜻하기도 함."
tiny,아주 작은,극소의,"크기가 극히 작은 것을 나타내는 형용사."
climb,오르다; 등반하다,"손과 발을 사용하여 더 높은 곳으로 이동하는 것. 산이나 벽 등을 올라가는 것을 의미함."
cool,시원한; 멋진,"약간 차가운 온도이거나, 매력적이고 유행을 따르는 것을 의미함."
design,디자인; 설계; 디자인하다,"미적인 형태, 구조, 기능을 고려하여 물건이나 시스템을 만드는 과정. 또는 그 결과물."
poor,가난한; 부족한,"돈이 거의 없거나 전혀 없는 상태. 또는 어떤 필요하거나 좋은 것이 충분하지 않은 상태."
lot,많은; 많음; 추첨,"양이나 수량이 많음을 나타내는 말. 또는 복권이나 경품의 당첨자를 정하기 위한 추첨."
experiment,실험; 시험,"새로운 아이디어나 가설을 시험하기 위해 수행하는 과학적인 절차."
bottom,바닥; 맨 아래,"어떤 것의 가장 아래 부분."
key,열쇠,"자물쇠를 열거나 잠그는 데 사용하는 금속 조각. 중요한 것이나 해결책을 의미하기도 함."
iron,철; 다리미; 다리미질하다,"단단하고 회색빛 금속 원소. 옷을 평평하게 펴는 데 사용하는 가전제품. 옷의 주름을 펴기 위해 다리미를 사용하다."
single,하나의; 단일의; 독신의,"혼자이거나 하나뿐인. 결혼하지 않은 상태."
stick,막대기; 붙이다; 찔러 넣다,"나무의 잔가지나 길쭉한 조각. 어떤 것을 다른 것에 고정하거나 달라붙게 하다. 무언가를 뾰족한 것으로 밀어 넣거나 뚫다."
flat,평평한; 아파트,"표면이 고르거나 수평인. 한 건물 내 여러 세대가 거주하는 독립된 주거 공간."
twenty,스물,이십,"숫자 20에 해당하는 기수."
skin,피부,"사람이나 동물의 몸을 덮고 있는 가장 바깥 부분."
smile,미소; 웃음; 웃다,"기쁨이나 친근함을 나타내기 위해 입꼬리를 올리는 얼굴 표정. 그런 표정을 짓다."
crease,주름; 접는 선; 접다,"천, 종이 등을 접거나 구겨서 생긴 자국. 또는 그런 자국을 만들다."
hole,구멍; 통로,"물체나 표면에 있는 빈 공간이나 뚫린 곳."
trade,무역; 거래; 교환하다,"상품이나 서비스를 사고 파는 행위. 서로 물건이나 정보를 주고받는 것."
melody,멜로디; 선율,"악곡을 구성하는 주된 가락이나 선율."
trip,여행; 출장; 넘어지다,"어딘가로 가는 것, 특히 짧은 기간 동안. 발이 걸려 넘어지는 것. 균형을 잃어 넘어지기 직전의 상태."
office,사무실; 직책,"책상과 의자가 있고 사람들이 일하는 방이나 건물. 또는 공적인 직무나 직책."
receive,받다; 환영하다,"어떤 것을 주어지거나 보내져서 가지게 되다. 손님 등을 맞이하다."
row,열; 줄; 젓기; 노 젓다,"나란히 배열된 사람 또는 사물의 줄. 배를 노로 저어 앞으로 나가게 하는 행위나 노 젓는 행위."
mouth,입; 아가리,"얼굴 아래쪽에 있어 음식물을 먹거나 말을 하는 데 사용되는 부분."
exact,정확한; 정밀한,"조금도 틀림이 없이 바르거나 맞는. 세부적인 것이나 숫자가 정확함을 나타낼 때 사용."
symbol,상징; 기호,"다른 무언가를 나타내거나 상기시키는 사물, 그림, 글자 등."
die,죽다,"생물체가 생명을 잃는 것."
least,가장 적은; 최소한,"가장 작거나 가장 적은 양이나 수치를 나타냄. 어떤 것을 하는데 최소한으로 필요한 것을 의미하기도 함."
trouble,문제; 곤란,"어려움이나 곤경을 의미하며, 걱정이나 말썽을 일으키는 상황을 나타냄."
shout,외치다; 소리치다,"크고 분명하게 말하거나 소리를 내는 것."
except,~을 제외하고,~외에는,"어떤 사람, 사물 또는 사실이 관련 대상 그룹에 포함되지 않는다는 것을 나타내는 데 사용됨."
wrote,썼다,write의 과거형. 글이나 기호 등을 종이나 다른 곳에 기록했다는 의미.
seed,씨앗; 씨,"식물이 자라날 수 있는 작은 알맹이."
tone,톤; 음색; 어조,"소리의 높낮이나 특징. 말할 때 드러나는 태도나 감정."
join,합류하다; 가입하다,"모임이나 조직에 참여하거나 일원이 되다. 둘 이상의 것을 연결하거나 결합하다."
suggest,제안하다; 암시하다,"생각이나 계획을 제시하거나 추천하다. 또는 간접적으로 어떤 것을 보여주거나 시사하다."
clean,깨끗한; 청소하다,"더러운 것이 없는 상태이거나, 더러운 것을 없애다."
break,깨다; 부수다; 휴식,"단단한 것을 여러 조각으로 만들거나 망가뜨리는 것. 또는 일이나 활동을 잠시 멈추고 쉬는 시간."
lady,숙녀; 부인; 여성,"정중하게 여성을 부르거나 언급할 때 사용되는 단어."
yard,마당; 야드,"건물에 둘러싸인 공간이나 집 뒤의 땅. 길이의 단위(약 0.914미터)."
rise,오르다; 증가하다,"위로 움직이거나 올라가다. 수, 양, 수준 등이 늘어나거나 높아지다."
bad,나쁜; 좋지 않은,"불쾌하거나 질이 떨어지는."
blow,불다; 불어오다; 날려 보내다,"공기나 바람을 내뿜거나 밖으로 불어내다. 어떤 것을 바람에 날려 보내는 것을 의미하기도 함."
oil,기름; 석유,"땅속에서 나는 액체 연료로, 난방, 운송 등에 쓰이거나 기계의 움직임을 부드럽게 하는 데 쓰이는 물질."
blood,피,"몸 안을 순환하며 산소와 영양분을 운반하는 붉은 액체."
touch,만지다; 접촉,"손이나 다른 신체 부위로 어떤 것에 닿거나 접촉하는 행위. 감정이나 상태에 영향을 미치거나 공감을 표현하는 것을 의미하기도 함."
grew,자랐다; 성장했다,"'자라다(grow)'의 과거형. 크기가 커지거나, 식물이 성숙해지거나, 사람이 나이가 드는 것을 나타냄. 또는 발전하거나 변화하는 것을 의미하기도 함."
cent,센트; 100분의 1,"달러나 유로 같은 주요 통화의 백분의 일에 해당하는 단위."
mix,섞이다; 혼합하다,"서로 다른 것들을 합쳐서 하나로 만드는 것. 또는 다른 것들과 함께 섞이는 것."
team,팀,공동의 목표를 위해 함께 일하는 사람들의 집단.
wire,전선; 철사,"전기를 통하게 하거나 지지대로 사용되는 금속 실."
cost,비용; 값,"어떤 것을 얻거나 만드는 데 필요한 돈의 양."
lost,잃어버린, 분실된; 길을 잃은; 패배한,"가지고 있던 것을 더 이상 찾을 수 없거나 없는 상태. 방향을 알 수 없는 상태. 경기나 경쟁에서 이기지 못한 것."
brown,갈색의; 밤색의,"어두운 주황이나 노란색과 섞인 빨간색과 검은색을 띠는 색."
wear,입다; 착용하다,"옷, 장신구 등을 몸에 걸치거나 착용하는 것. 시간이 지남에 따라 닳거나 손상되는 것을 의미하기도 함."
garden,정원; 뜰,식물, 꽃 등을 기르는 땅.
equal,같은; 평등한; 동등한,"수준, 양, 가치 또는 지위가 서로 같거나 차이가 없는 것을 의미합니다."
sent,보내졌다; 보냈다,"send의 과거 분사 또는 과거형. 무언가를 누군가에게 전달하거나 이동시키는 행위를 완료한 상태."
choose,선택하다; 고르다,"여러 옵션 중에서 하나 또는 그 이상을 결정하거나 고르는 것."
fell,떨어졌다,넘어졌다
fit,맞다; 적합하다,"크기나 형태가 (옷이나 신발 등이) 잘 맞거나, 어떤 상황이나 목적에 알맞음을 의미합니다."
flow,흐름; 흐르다,"액체나 기체 등 흐르는 물질의 움직임. 또는 어떤 것이 물처럼 끊임없이 움직이거나 이동하는 현상."
fair,공정한; 박람회; 상당한,"모든 사람에게 동등하고 편파적이지 않은. 또는 많은 사람들이 모여 특정 종류의 물건을 전시하거나 판매하는 대규모 공개 행사. 또는 규모나 양이 꽤 많은."
bank,은행,"돈을 저금하고 빌려주는 금융 기관."
collect,모으다; 수집하다,"여러 개를 한데 합치거나 가져오는 것."
save,구하다; 절약하다; 저장하다,"위험이나 어려움에서 벗어나게 하거나 지키다. 사용하지 않고 아껴두다. 컴퓨터나 다른 장치에 정보를 보관하다."
control,통제; 조절; 지배하다,"어떤 사람이나 사물을 다루거나 영향을 미치는 능력. 원하거나 필요한 방향으로 상황을 관리하고 조절하는 것을 의미하기도 함."
decimal,소수,"10에 기반한 수 체계 또는 그런 체계에서 점 아래에 오는 숫자."
gentle,온화한; 부드러운,"친절하고 다정한 태도로 행동하는 것을 의미하며, 강하거나 거칠지 않은 것을 나타냄."
woman,여자; 여성,"성인의 여성 사람."
captain,선장; 기장; 주장,"배, 항공기, 팀 등을 책임지고 이끌어가는 사람."
practice,연습; 실행; 관습,"기술이나 능력을 향상시키기 위해 반복적으로 어떤 것을 하는 행위. 또한 어떤 것을 습관적으로 하거나 전통적으로 따르는 것을 의미하기도 함."
separate,분리하다; 떨어지다; 개별의,"둘 이상의 것을 서로 나누거나 분리하다. 또는 서로 나뉘어 떨어져 있는 상태."
difficult,어려운; 곤란한,"하기 쉽지 않거나 이해하기 어려운 것."
doctor,의사,"아픈 사람을 치료하는 사람."
please,부디; 제발,"무언가를 요청할 때 예의를 갖추어 사용하는 말."
protect,보호하다; 지키다,"위험, 손상 또는 공격으로부터 안전하게 하거나 막는 것."
noon,정오; 점심 시간,"하루 중 낮 12시를 가리키는 시간."
whose,누구의,"소유 관계를 나타내는 말로, 어떤 것이 누구의 것인지 물을 때나 이야기할 때 사용됨."
locate,찾다; 위치를 파악하다,"어떤 사람이나 사물의 정확한 위치를 알아내거나 발견하다."
ring,반지; 고리; 울리다,"둥근 형태의 물건. 벨이나 전화 등이 소리를 내는 것."
character,성격; 인물,이야기나 영화 등에 등장하는 사람 또는 동물. 한 사람의 독특한 특성을 의미하기도 함.
insect,곤충; 벌레,"육각형 머리, 가슴, 배 세 부분으로 나뉘며 다리가 여섯 개인 작은 동물. 주로 날개가 있음."
caught,잡혔다; 붙잡힌,"catch의 과거형 및 과거 분사. (무엇인가를) 잡거나 포착한 상태를 나타냄."
period,기간; 마침표,"특정 시간의 길이. 문장이 끝남을 나타내는 구두점 기호."
indicate,나타내다; 지적하다; 표시하다,"무언가를 보여주거나 암시하다. 방향이나 위치를 가리키다."
radio,라디오; 무선,"음악, 뉴스, 대화 등을 방송으로 듣는 장치 또는 서비스."
spoke,말했다; 바퀴살,"말하다 동사의 과거형. 자전거 바퀴 등의 살."
atom,원자,"물질을 이루는 가장 작은 입자로, 화학적인 방법으로는 더 이상 쪼갤 수 없습니다."
human,인간; 사람,"사람 종에 속하는 존재를 통틀어 이르는 말."
history,역사,과거의 사건이나 기록을 연구하는 학문. 특정한 시간, 장소 또는 대상과 관련된 과거의 사건들이나 사실들을 의미하기도 함.
effect,영향; 효과; 결과,"어떤 행위나 사건으로 인해 발생하는 결과. 주로 사람이나 사물에 미치는 변화나 작용을 의미함."
electric,전기의; 전기를 이용하는,"전기와 관련되거나 전기를 사용하여 작동하는 것을 나타냄."
expect,기대하다; 예상하다,"어떤 일이 일어날 것이라고 생각하거나 예상하는 것."
crop,작물; 베어내다,"재배되어 수확되는 식물. 또는 식물의 일부를 베어내거나 짧게 자르는 것을 의미."
modern,현대의; 근대의,"현재 시대와 관련된 것, 또는 새롭고 고전적인 것과 다른 방식을 특징짓는 것."
element,요소; 원소,"전체나 시스템의 중요한 부분. 또는 화학적으로 더 이상 분해되지 않는 기본적인 물질."
hit,치다; 때리다; 명중하다,"손이나 도구로 무언가를 세게 부딪치거나 때리는 것. 목표에 맞거나 도달하는 것."
student,학생,"공부하는 사람, 특히 학교나 대학교에 다니는 사람."
corner,모퉁이; 구석,"두 선이나 표면이 만나는 지점. 방이나 상자 안쪽의 구석진 부분."
party,정당; 파티; 잔치,"정치적인 목표를 공유하는 집단. 즐거움을 위해 모이는 사람들의 모임."
supply,공급하다; 공급,"필요한 것을 제공하거나 이용 가능하게 만드는 행위. 또는 제공된 물품이나 양."
bone,뼈,"사람이나 동물의 몸을 구성하는 딱딱한 흰색 조직."
rail,난간; 철도; 기차,"길을 따라 일렬로 놓여 기차가 지나가는 금속 막대. 균형을 잡거나 지지하기 위해 잡을 수 있는 막대(난간)."
imagine,상상하다,"어떤 것을 생각하거나 마음속으로 그림을 그리는 것. 실제로 존재하지 않거나 일어나지 않은 일을 생각하는 것."
provide,제공하다; 주다,"필요한 사람에게 어떤 것이나 필요한 것을 주는 행위."
agree,동의하다; 찬성하다,"다른 사람의 의견이나 결정에 대해 같은 생각이나 느낌을 갖거나 받아들이는 것."
thus,따라서; 그러므로,"앞에서 말한 사실에 대한 결과나 결론을 나타낼 때 쓰는 말."
capital,수도; 자본,"국가의 중심이 되는 도시. 사업이나 투자를 위해 사용되는 돈이나 재산."
won't,~하지 않을 것이다; ~하지 않겠다,"will not의 축약형으로, 미래에 어떤 행동을 하지 않거나 어떤 상태가 되지 않을 것임을 나타냄."
chair,의자,"앉기 위해 등받이와 다리가 있는 가구."
danger,위험; 위협,해를 입거나 손상될 가능성.
fruit,과일,"식물의 열매로, 씨앗을 품고 있으며 일반적으로 달콤하고 먹을 수 있는 부분."
rich,부유한; 풍부한; 진한,"돈, 재산 또는 자원이 많은. 어떤 것이 풍부하거나 질이 좋고 강렬하다는 의미."
thick,두꺼운; 빽빽한; 걸쭉한,"크기, 특히 두께가 큰. 또는 물체 사이의 간격이 거의 없는. 액체나 페이스트가 흐르기 어려운."
soldier,군인; 병사,"군대에서 복무하며 전투에 참여하는 사람."
process,처리하다; 과정,"일련의 단계를 거쳐 특정 결과를 얻는 것. 또는 그런 일련의 단계 자체."
operate,작동하다; 운영하다,"기계나 시스템이 정상적으로 기능하게 하거나, 사업 또는 조직을 관리하고 운영하다."
guess,추측하다; 짐작하다,정확한 지식 없이 어떤 것이 맞을 것이라고 생각하거나 말하는 것.
necessary,필요한; 필수적인,"없어서는 안 되거나 반드시 갖추어야 할 것."
sharp,날카로운; 예리한,"끝이 뾰족해서 자르거나 찌르기 쉬운. 소리가 높고 분명한. 급격한 변화를 나타내기도 함."
wing,날개; 날다,"새, 곤충, 또는 비행기가 하늘을 날 때 사용하는 기관. 또는 새의 날개를 펴서 날아가는 것을 의미하기도 함."
create,만들다; 창조하다,"무언가를 처음부터 존재하게 하다 또는 생각이나 상상 등을 통해 새로운 것을 만들어내다."
neighbor,이웃,"옆집에 살거나 가까이 사는 사람."
wash,씻다; 세탁하다,"물과 비누 등으로 깨끗하게 하는 행위."
bat,방망이; 박쥐,"야구 등에서 공을 치는 막대기 도구. 또는 어두울 때 날아다니는 포유류."
rather,오히려, 차라리,"어떤 것보다 다른 것을 선호하거나 어떤 것 대신에 다른 것을 의미할 때 사용되는 부사."
crowd,군중; 인파; 붐비다,"많은 수의 사람들이 함께 있는 것. 또는 특정 장소에 많은 사람들이 꽉 찬 상태."
corn,옥수수,"노랗거나 하얀 알갱이로 이루어진 식용 곡물. 이 곡물은 옥수수대라고 하는 긴 줄기에서 자란다."
compare,비교하다; 견주다,"두 가지 이상의 사물, 사람 또는 생각을 비슷하거나 다른 점을 알아보기 위해 살펴보는 행위."
poem,시,"운율이나 리듬을 사용하여 정서나 생각을 표현한 글."
string,끈; 줄; 실,"두 개 이상의 점을 묶거나 연결하는 데 사용되는 유연한 재료 조각. 문자, 숫자 또는 기호의 일련의 순서를 의미하기도 함."
bell,종; 벨,"금속으로 만들어져 부딪히거나 흔들면 소리가 나는 악기나 신호용 도구."
depend,의존하다; 달려있다,"무언가에 의해 결정되거나 영향을 받다. 다른 사람이나 사물에 도움이나 지지를 기대다."
meat,고기,"동물의 살로, 음식으로 먹는 것."
rub,문지르다; 비비다,"어떤 표면 위로 앞뒤로 움직이면서 압력을 가하는 것. 보통 손, 천, 또는 다른 물건으로 함."
tube,튜브; 관,"속이 빈 기다란 원기둥 모양의 물체. 치약이나 물감을 짜는 용기나 지하철을 의미하기도 함."
famous,유명한,"많은 사람들에게 잘 알려진."
dollar,달러,"미국, 캐나다, 호주 등 여러 나라에서 사용되는 화폐 단위."
stream,개울; 흐름; 줄기,"작은 강. 또는 물이나 다른 액체가 계속해서 한 방향으로 흐르는 것. 연속적으로 이어지는 것의 모임."
fear,두려움; 무서워하다,"위험하다고 생각되는 상황이나 대상에 대해 느끼는 불안하거나 무서운 감정. 또는 그런 감정을 느끼다."
sight,시력; 시야; 광경; 보기,"눈으로 사물을 보고 인식하는 능력. 눈에 보이는 것. 눈에 띄는 것 또는 볼 만한 것."
thin,얇은; 마른,"두께가 얇거나 보통보다 가는 것을 의미합니다. 사람이나 동물의 경우 살이 적고 마른 것을 의미하기도 합니다."
triangle,삼각형,"세 개의 직선 변으로 둘러싸인 평면 도형."
planet,행성,"태양이나 다른 별 주위를 도는 큰 천체."
hurry,서두르다; 재촉하다,"빨리 움직이거나 일을 처리하는 것."
chief,수장; 최고 책임자; 주요한,"집단의 우두머리 또는 지도자. 가장 중요하거나 주요한 것을 의미하기도 함."
colony,식민지; 집단 서식지,"다른 나라에 의해 통치되는 지역이나 나라. 또는 동물이나 식물의 무리가 모여 함께 사는 장소."
clock,시계,"시간을 측정하고 표시하는 기계장치."
mine,나의 것; 광산; 채굴하다,"'나의 것'을 의미하는 소유 대명사. 또는 땅에서 광물 등을 캐내는 장소나 행위를 의미하는 명사 및 동사."
tie,묶다; 넥타이,"끈이나 줄 등으로 단단히 매듭을 만듦. 옷의 일부로 목에 매는 긴 천 조각."
enter,들어가다; 입력하다,"어떤 장소나 영역 안으로 이동하다. 또는 컴퓨터 등에 정보를 넣다."
major,주요한; (음악) 장음계,"가장 중요하거나 크거나 심각한. 음악에서 장음계에 해당하는."
fresh,신선한; 새로운,"갓 만들어지거나 수확되어 상하지 않은 상태. 이전과 다른 새로운 것을 나타내기도 함."
search,찾다; 수색하다,"정보나 사람, 사물 등을 찾기 위해 노력하는 행위."
send,보내다; 발송하다,"사람, 사물 또는 메시지를 다른 곳으로 이동시키거나 전송하다."
yellow,노란색; 노랑,"햇빛이나 레몬과 같은 색. 병이나 두려움을 나타내기도 함."
gun,총,"발사체(총알 등)를 고속으로 발사하는 무기."
allow,허락하다; 가능하게 하다,"무엇인가를 하거나 가지도록 허용하거나 가능하게 만들다."
print,인쇄하다,찍다,"종이 등에 글자나 그림을 새겨 나타내는 행위."
dead,죽은; 사망한,"더이상 살아있지 않거나 작동하지 않는 상태."
spot,점; 얼룩; 장소,"작은 동그란 표시나 더러운 자국. 또는 특정 장소나 위치."
desert,사막; 버리다,"매우 건조하고 모래나 바위가 많은 지역. 사람이나 장소를 떠나는 것."
suit,정장; 소송; 어울리다,"공식적인 경우에 입는 재킷과 바지(또는 치마) 한 벌. 법정에 제기된 사건. 어떤 상황이나 목적에 적합하거나 편리하다."
current,현재의; 지금의; 통용되는,"지금 일어나고 있거나 존재하는 것. 또는 널리 쓰이거나 받아들여지는 것."
lift,들어 올리다; 승강기,"아래에서 위로 움직이게 하거나 이동시키는 것. 사람이나 화물을 운반하는 기계."
rose,장미,"장미과에 속하는 아름다운 꽃이 피는 식물. 보통 가시가 있고 붉은색, 분홍색 등으로 피지만 다양한 색상이 있음."
continue,계속하다; 이어가다,"멈추지 않고 무언가를 계속 진행하거나 하던 것을 이어서 하는 것."
block,블록,구획; 막다,"단단한 직사각형 모양의 물체. 건물들이 모인 길거리의 한 구획. 무엇인가를 막하거나 가로막는 행위."
chart,도표; 그래프,"데이터나 정보가 시각적으로 표시된 것. 계획이나 과정을 표시하는 데도 사용됨."
hat,모자,"머리에 쓰는 의복으로, 태양, 추위 등으로부터 보호하거나 장식적인 목적으로 사용됨."
sell,팔다,"물건이나 서비스를 돈과 교환하여 내주는 행위."
success,성공,"목표를 달성하거나 의도한 결과를 얻는 것. 좋은 결과나 업적."
company,회사; 동행,"목적을 가지고 모인 사람들의 단체. 또는 함께 있거나 동행하는 것."
subtract,빼다; 공제하다,"총계에서 숫자나 양을 제거하는 것. 계산에서 빼는 것을 의미함."
event,행사; 사건,"특별한 일이나 발생. 특히 조직되거나 계획된 중요한 일."
particular,특별한; 특정한; 까다로운,"다른 것들과는 다른, 독특하거나 개별적인. 매우 구체적이거나 정확한 것을 의미하기도 하며, 세부 사항에 신경 쓰는 것을 의미할 때도 쓰임."
deal,거래,협정,다루다,"물건이나 서비스를 사고파는 합의. 특정 문제나 상황을 처리하거나 다루는 행위."
swim,수영하다,"물속에서 팔, 다리 또는 지느러미의 움직임을 이용해 이동하는 행위."
term,기간; 용어,"일정 기간 동안 지속되는 시간. 특정 분야에서 사용되는 전문적인 단어나 표현. 특정 목적을 위해 정해진 명명."
opposite,반대; 반대편; 정반대,"다른 것과 완전히 다른 사람, 사물 또는 개념."
wife,아내; 부인,"결혼한 여성을 가리키는 말."
shoe,신발; 구두,"발에 신는 것으로, 보통 가죽이나 천으로 만들고 밑창이 있음."
shoulder,어깨,"목과 팔이 연결되는 부분."
spread,퍼지다; 확산되다; 바르다,"넓은 영역에 걸쳐 펼쳐지거나 영향을 미치는 것. 얇게 펼쳐서 표면에 바르는 것을 의미하기도 함."
arrange,배열하다; 정리하다; 준비하다; 합의하다,"특정한 순서나 계획에 따라 어떤 것을 정돈하다. 때로는 특정 행사를 위해 계획을 세우거나 합의를 하는 것을 의미하기도 함."
camp,캠프; 야영지,"잠시 머물기 위해 텐트나 오두막을 짓는 장소나 활동. 야외에서 자고 활동하는 것을 의미하기도 함."
invent,발명하다,"새로운 장치, 과정 등을 창의적인 생각이나 실험을 통해 만들거나 고안하는 것."
cotton,면; 목화,"목화 식물의 씨앗을 둘러싸는 부드럽고 솜털 같은 섬유. 이 섬유로 만든 직물."
born,태어나다; 타고난,"어떤 특정 시간에 존재하기 시작하는 것. 자연적으로 가지거나 특징으로 하는 것."
determine,결정하다; 판단하다,"무엇이 사실인지 또는 무엇을 할 것인지 공식적으로 또는 확정적으로 알아내거나 정하다."
quart,쿼트,"피트의 사분의 일에 해당하는 액체나 고체의 측정 단위."
nine,아홉; 구,"8 다음에 오는 숫자."
truck,트럭,"화물 등을 싣고 운반하는 큰 자동차."
noise,소음; 시끄러운 소리,"크거나 불쾌하거나 방해가 되는 소리. 일반적으로 듣기 싫은 소리를 의미함."
level,수준; 단계; 평평한,"계층, 등급 또는 위치. 표면이 높거나 낮음 없이 평평한 상태. 높이를 같게 하거나 올바르게 정렬함을 의미하기도 함."
chance,기회; 우연,"어떤 일이 일어날 가능성. 행운이나 우연히 일어나는 일을 의미하기도 함."
gather,모으다; 모이다,"흩어져 있는 것들을 한곳에 합치거나 사람들을 한 곳에 모이게 하다."
shop,가게; 쇼핑하다,"물건을 팔거나 사는 곳. 물건을 사기 위해 돌아다니는 행위를 의미하기도 함."
stretch,기지개를 켜다; 늘이다,"몸의 근육을 길게 늘리는 행동, 또는 무언가를 잡아당겨 길게 만드는 것."
throw,던지다; 버리다,"손이나 팔을 써서 물건을 공중을 가로질러 보내다. 필요 없는 것을 없애다."
shine,빛나다; 비추다,"빛을 내거나 밝게 빛나는 상태. 빛을 어떤 표면에 비추는 것을 의미하기도 함."
property,재산; 부동산,"어떤 사람이 소유하거나 법적으로 권리를 가진 것. 특히 건물과 땅을 포함하는 경우를 말함."
column,기둥, 단,"건물의 무게를 지지하는 수직 구조물. 표나 목록의 세로줄."
molecule,분자,"두 개 이상의 원자가 화학적으로 결합하여 만들어진 가장 작은 물질 단위."
select,선택하다; 고르다,"많은 것 중에서 하나 또는 그 이상을 고르거나 선택하는 것."
wrong,틀린, 잘못된,"옳지 않거나 정확하지 않은 것. 도덕적이거나 법적으로 옳지 않은 행동이나 판단."
gray,회색,"검정색과 흰색의 중간색으로, 어둡거나 흐릿한 색을 나타냄."
repeat,반복하다,"같은 것을 다시 하거나 말하다."
require,요구하다; 필요로 하다,"무엇인가를 필요로 하거나 의무적으로 해야 한다는 뜻."
broad,넓은,광범위한,"폭이 넓거나 넓은 영역을 차지하는. 다양한 주제나 종류를 포함하는."
prepare,준비하다; 대비하다,"어떤 일이나 사건에 대비하여 필요한 것을 갖추거나 마련하는 것."
salt,소금,"짠맛을 내는 흰색 결정체 물질. 음식의 간을 맞추거나 보존하는 데 사용됨."
nose,코,"얼굴 중앙에 있는, 숨을 쉬고 냄새를 맡는 데 사용하는 기관."
plural,복수; 복수의,"둘 이상의 사람, 사물 또는 개념을 나타내는 문법적 형태."
anger,분노; 화,"불쾌하거나 화가 나는 강한 감정. 누군가나 어떤 것에 대해 화를 느끼는 상태."
claim,주장하다; 주장,"사실이라고 말하지만 증명되지 않은 것. 또는 그 행위."
continent,대륙,"매우 넓은 육지 덩어리. 지구에는 보통 6개 또는 7개의 대륙이 있다고 여겨진다."
oxygen,산소,"대부분의 생물에게 필수적인, 숨 쉬는 공기의 무색, 무취 기체."
sugar,설탕,"단맛을 내는 하얗거나 갈색의 물질로, 사탕수수나 사탕무에서 얻음. 음식이나 음료에 단맛을 더하기 위해 사용됨."
death,죽음; 사망,"생명이 끝나는 상태 또는 과정."
pretty,예쁜; 꽤,"매력적이거나 즐거운 방식으로 보기 좋은. 또는 '상당히'라는 의미로 어떤 정도를 나타냄."
skill,기술; 능력,"어떤 일을 수행하는 데 필요한 학습되거나 개발된 능력."
women,여성들; 여자들,"성인 여성 여러 명을 가리키는 말."
season,계절,"한 해를 나누는 시간의 기간으로, 보통 봄, 여름, 가을, 겨울을 말함. 특정 활동이나 기간을 나타내기도 함."
solution,해결; 해결책,"문제에 대한 답이나 어려운 상황을 헤쳐나갈 방법."
magnet,자석,"쇠붙이 따위를 끌어당기는 힘을 가진 물체."
silver,은,"귀하고 빛나는 흰색 금속 원소. 단단하지만 부드럽고 전기를 잘 통하며 녹슬지 않아 장신구나 화폐 등에 사용됨."
thank,감사하다; 고마워하다,"친절함이나 도움에 대해 고마움을 표현하다."
branch,가지; 나뭇가지,"나무의 줄기에서 뻗어 나온 부분."
match,성냥; 시합; 어울리다,서로 비슷한 두 가지를 함께 붙이거나 연결하는 것. 스포츠 경기나 대회를 의미하기도 하고, 불을 붙이는 막대기를 의미하기도 합니다.
suffix,접미사,"단어 뒤에 붙어서 단어의 의미나 품사를 바꾸는 형태소."
especially,특히,특별히,"다른 것들보다 더 또는 남다른 정도나 방식으로 강조."
fig,무화과,말린 무화과,"달콤하고 씨앗이 많은 부드러운 과일이나 그 나무."
afraid,두려워하는; 무서워하는,"위험하거나 고통스러울 수 있는 것에 대해 염려하거나 걱정하는 것을 나타내는 형용사."
huge,거대한; 막대한,"크기, 양, 강도 등에서 매우 큰."
sister,자매; 여동생; 누나,"같은 부모에게서 태어난 여성 형제."
steel,강철,"철과 탄소의 합금으로, 튼튼하고 내구성이 좋으며 다양한 용도로 사용됨."
discuss,논의하다; 토론하다,"어떤 주제나 문제에 대해 여러 사람들이 함께 이야기하며 의견을 나누는 것."
forward,전진시키다; 앞으로의; 앞쪽으로,"앞으로 향하게 하거나 움직이게 하는 것. 미래의 시간이나 나아가는 방향을 나타냄."
similar,비슷한; 유사한,~와 비슷하거나 같은 점이 있는 상태.
guide,안내하다; 안내서,"길이나 방향을 알려주거나 보여주다. 어떤 일을 하는 방법에 대한 설명이나 지침이 담긴 책 또는 정보."
experience,경험; 체험하다,"살면서 겪거나 겪는 사건이나 지식. 어떤 일을 직접 겪거나 해보는 것을 의미하기도 함."
score,점수; 득점; 점수를 얻다,"경기, 시험 등에서 얻은 점수. 또는 점수를 기록하거나 얻는 행위."
apple,사과,"둥근 모양에 단단하고 달콤한 과일로, 보통 빨간색, 노란색 또는 초록색을 띤다."
bought,샀다; 구매했다,"buy(사다)의 과거 및 과거분사형. 돈을 내고 물건을 얻는 것을 의미함."
led,납,"화학 원소 중 하나로, 무겁고 부드러운 금속입니다."
pitch,피치; 던지다; 음높이; 홍보하다,"야구에서 공을 던지는 행위. 소리나 음악의 높이. 상품이나 아이디어를 홍보하는 행위."
coat,코트,"얇은 옷 위에 덧입는, 보통 길고 따뜻한 겉옷."
mass,대량; 질량; 미사,"많은 양 또는 집합. 물체의 질량을 나타내거나, 가톨릭교회의 주요 예배 의식을 의미하기도 함."
card,카드; 명함,"종이 또는 플라스틱으로 만든 작은 직사각형 조각으로, 보통 정보(이름, 주소 등)가 인쇄되어 있거나 특정 용도(신용 카드, 인사 카드 등)로 사용됨."
band,밴드; 띠,"음악을 연주하는 사람들의 그룹. 물건을 묶거나 장식하는 데 쓰이는 좁고 긴 조각."
rope,밧줄; 로프,"여러 가닥의 꼬거나 짜낸 섬유로 만들어 물건을 묶거나 당기거나 오르는 데 사용하는 유연하고 강한 긴 줄."
slip,미끄러지다; (실수 등으로) 떨어지다; 종잇조각,"의도치 않게 표면에서 미끄러지거나 떨어지다. 또는 짧은 시간 안에 빠르게 움직이거나 사라지다. 짧은 종잇조각을 의미하기도 함."
win,이기다; 승리하다,"시합, 싸움, 노력 등에서 성공하거나 우세하다."
dream,꿈,"자면서 상상으로 보고 느끼는 일. 또는 이루고 싶은 바람이나 목표."
evening,저녁; 밤,"해가 지고 밤이 오기 전의 시간. 또는 밤 자체를 의미하기도 함."
condition,상태; 조건,"사람이나 사물의 현재 모습이나 상황. 어떤 일이 일어나기 위해 충족되어야 할 요구 사항."
feed,먹이다; 먹이를 주다; 공급하다,"사람이나 동물에게 음식을 주다. 기계나 시스템에 무언가를 계속 넣거나 공급하다."
tool,도구; 연장,"어떤 작업을 수행하거나 문제를 해결하는 데 사용되는 물건이나 장치."
total,총계; 합계; 전체의,"여러 개를 모두 합친 수 또는 양. 모든 부분을 포함하는."
basic,기본적인; 기초,"가장 중요하거나 근본적인 부분으로 이루어진. 간단하고 복잡하지 않은."
smell,냄새; 냄새 맡다,"코를 통해 감각되는 것 또는 그 감각 자체. 냄새를 코로 인지하려 하거나 인지하는 행위."
valley,계곡; 골짜기,"보통 강의 침식을 통해 산이나 언덕 사이에 형성된 길고 낮은 지역."
nor,~도 아니다,그리고 ~않다,"두 개 이상의 부정적인 것을 연결할 때 쓰는 접속사. 'neither' 다음에 오는 두 번째 부정적인 항목을 소개할 때 자주 사용됨."
double,두 배의; 두 곱의; 두 배로 만들다; 접다,"기준 크기나 양의 두 배. 또는 어떤 것을 두 배 크기나 양으로 만들거나 접는 것을 의미함."
seat,좌석; 자리; 앉히다,"앉을 수 있는 장소나 가구. 누군가를 앉히는 것을 의미하는 동사로도 쓰임."
arrive,도착하다,"장소에 이르다."
master,주인; 대가; 달인,"어떤 기술이나 지식에 능통한 사람. 노예나 하인의 소유자."
track,추적하다; 자국; 선로,"움직임을 따라가거나 흔적을 찾는 것. 지나간 곳에 남은 발자국이나 바퀴 자국. 기차가 다니는 철길."
parent,부모,"자녀를 키우고 돌보는 아버지나 어머니."
shore,해안, 해변,"바다, 호수 또는 다른 큰 물의 가장자리에 있는 땅."
division,분할; 나눔; 사단,"전체를 여러 부분으로 나누는 행위 또는 그 결과로 나뉜 부분."
sheet,시트, 종이,"침대 위에 덮는 천이나 얇고 평평한 물건. 종이 한 장을 의미하기도 함."
substance,물질; 실체; 본질,"고체, 액체, 기체와 같은 물리적인 구성 요소. 어떤 것의 핵심적인 중요한 부분."
favor,호의; 친절,"누군가를 돕기 위한 친절한 행동. 또는 지지나 찬성."
connect,연결하다; 접촉하다,"둘 이상의 것을 서로 잇거나 붙게 하다. 사람이나 물체 사이에 통신이나 접촉이 이루어지게 하다."
post,우편; 게시물; 기둥,"우편 시스템을 통해 보내거나 받는 것; 온라인 포럼 등에 올리는 글이나 이미지; 땅에 박아 세운 긴 막대."
spend,쓰다; 소비하다,"돈이나 시간, 에너지 등을 사용하다."
chord,화음; 현,"두 개 이상의 다른 음이 동시에 울릴 때 생기는 소리. 기타나 바이올린 같은 악기의 현."
fat,지방; 살찐; 뚱뚱한,"음식이나 몸에서 발견되는 물질. 또는 몸에 지방이 많은 상태를 나타내는 형용사."
glad,기쁜; 반가운,"기분 좋거나 행복한. (누군가를) 만나서 기분이 좋은."
original,원래의; 독창적인,"처음이나 근본적인. 또는 새롭고 특별하며 다른 것과 같지 않은."
share,공유하다; 나누다,"다른 사람과 함께 사용하거나 가지다."
station,역; 정거장,"기차, 버스 또는 지하철 등이 멈추고 승객을 태우거나 내리는 장소."
dad,아빠; 아버지,"가족 구성원 중 남성 부모를 친근하게 부르는 말."
bread,빵,"밀가루, 물, 이스트 등을 섞어 구운 음식."
charge,청구하다; 요금; 책임,"서비스나 상품에 대해 돈을 요구하거나 부과하는 것. 관리하거나 책임져야 할 것도 의미함."
proper,적절한; 알맞은,"규칙이나 기준에 따라 올바르거나 적합한."
bar,바; 술집; 막대기,"음료, 특히 술을 판매하는 장소. 길고 단단한 물체를 의미하기도 함."
offer,제안하다; 제공하다,"무언가를 주거나 하겠다고 제의하는 것. 특히 도움이나 기회를 제공하는 것."
segment,부분; 조각; 분할하다,"전체의 한 부분. 선이나 도형의 일부. 전체를 여러 부분으로 나누는 것을 의미하기도 함."
slave,노예,"타인에게 속박되어 자유 없이 강제로 일하는 사람."
duck,오리; 피하다,"물에서 헤엄치고 물갈퀴가 있는 발을 가진 새. 머리나 몸을 빠르게 숙이거나 옆으로 움직여 어떤 것을 피하는 행동."
instant,즉각적인; 즉석의; 순간,"지체 없이 바로 일어나는. 빠르게 준비될 수 있는."
market,시장,"물건을 사거나 팔기 위해 사람들이 모이는 곳이나 시스템. 특정 상품이나 서비스를 위한 수요와 공급을 의미하기도 함."
degree,정도; 학위,"수량, 강도, 또는 수준의 정도. 대학이나 다른 교육 기관에서 받는 학위."
populate,살다; 거주하다,"어떤 지역에 사람이 살거나 거주하게 하다. 또는 데이터를 채워 넣다."
chick,병아리; 여자,"어린 닭. 비격식적으로 젊은 여성을 가리키기도 함."
dear,소중한; 친애하는,"사랑하거나 매우 좋아하는 사람이나 사물에 대해 사용됩니다. 편지 서두에 쓰는 인사말로도 쓰입니다."
enemy,적; 원수,"대립하거나 적대적인 관계에 있는 사람이나 집단."
reply,대답하다; 답장하다; 응답하다,"질문이나 편지, 이메일 등에 대해 말하거나 글을 써서 반응하는 것."
drink,마시다; 음료,"목을 적시기 위해 액체를 입으로 가져가는 행위. 또는 마시기 위한 액체."
occur,발생하다; 일어나다,"사건이나 일이 일어나거나 발생하는 것을 나타냄."
support,지지하다; 지원,도와주거나 격려하여 누군가나 무언가를 돕는 행위 또는 그런 도움.
speech,연설; 말; 능력,"생각이나 감정을 말로 표현하는 행위나 능력. 공식적인 상황에서의 발언."
nature,자연; 천생; 본성,"지구상의 모든 식물, 동물, 풍경을 포함한 물리적 세계. 또는 타고난 성격 특성이나 특징."
range,범위; 거리,"어떤 것의 한계, 또는 어떤 것의 가능한 다양성이나 변화 정도. 총포탄 등이 닿는 거리."
steam,증기; 김,"끓는 물이나 가열된 물에서 발생하는 뜨거운 기체."
motion,움직임; 동작,"위치나 자세의 변화. 물체가 이동하는 것."
path,길; 경로,"어떤 장소로 가기 위해 걸어가는 길이나 다니는 길. 어떤 목적지로 이동하기 위한 과정이나 방법을 의미하기도 함."
liquid,액체,"흐르기 쉽고 형태가 없는 물질. 기체도 단단한 고체도 아님."
log,통나무; 기록,"베어낸 나무의 줄기를 잘라낸 것. 사건이나 활동에 대한 공식적인 기록을 의미하기도 함. 또는 이런 기록을 하다."
meant,~을 의미하는,"뜻하다(mean)의 과거형 및 과거분사형."
quotient,몫,"나눗셈의 결과로 얻어지는 수. 특히 두 수 또는 양의 관계를 나타낼 때 사용됨."
teeth,치아; 이,"입안에서 음식을 씹거나 물어뜯는 데 사용되는 뼈 같은 구조물."
shell,껍데기,껍질,"조개, 달팽이, 또는 거북이와 같은 동물의 단단한 바깥 부분."
neck,목,"머리와 몸통을 연결하는 부분."
