english_word,native_translation,definition_zh
the,这；那个,"用于名词前，表示特定的、双方已知的人或事物。"
of,的,"表示所属关系、来源、性质或组成部分。"
to,到；去,"表示动作的方向或目的地（例如 '去学校'）；表示动作的对象或接收者。"
and,和；与；以及,"用于连接两个或多个词、短语或句子，表示并列关系或附加信息。"
a,一个；任一,"用于名词前，表示单数且非特指的人或事物；表示“任一个”的意思。"
in,在；进入,"表示位置、时间或状态（例如 '在盒子里'）；表示进入某个地方（例如 '进来'）。"
is,是,表示状态、身份、存在或联系，通常用在句子中连接主语和表语。
it,它,"指代前面提到过的无生命物体、动物、情况或抽象概念。"
you,你,用于指代你正在说话的对象（一个人或一群人）。
that,那个；那；那样,"既可用作指示代词，指代较远的人或事物或前面提到过的内容；也可用作连词，引导从句；还可用作副词，表示程度或方式。"
he,他,"指代男性人类或男性动物。"
was,是；曾经是,"be动词的过去式，用于单数人称（I, he, she, it）或不可数名词，表示在过去某个时间点的状态或存在。"
for,为；为了；给,"表示目的、原因、受益人或持续的时间长度。"
on,在；关于,"表示物体接触到表面（例如 '在桌子上'）；表示某个日期或时间（例如 '在周一'）；表示话题或内容（例如 '关于...'）。"
are,是,表示复数的“是”，用于第二人称you和复数名词或代词后。
with,和；同；跟,"表示与…一起；表示使用某种工具或方法；表示某种方式或状态。"
as,作为；像；如同,"表示身份、功能、原因或方式（例如 '作为一名教师'）；表示相似性或比较（例如 '像你一样高'）。"
I,我,"第一人称代词，用于指说话者自己。"
his,他的,"表示属于某个男性或男孩的东西。"
they,他们；她们；它们,"用于指代多个人、动物或事物。"
be,是；存在,"表示主语的身份、性质或状态；表示存在或发生。"
at,在,表示位置、时间、状态或活动（例如“在家”、“在三点”、“在工作”）。
one,一；一个,"表示数字 1；表示单个的、不特定的事物。"
have,有；具有；得到,"表示拥有、持有、获得某物；也可以表示经历或享受（例如 ‘玩得开心’）。"
this,这；这个,"用于指代说话者附近或刚刚提到的特定的人、事物或概念。"
from,从；来自,"表示起点、来源或原因；表示离开某个地方。"
or,或者；否则,"连接两个或多个选择；表示如果不做某事，就会发生另一种结果（例如 '快走，否则会迟到'）。"
had,有；吃；经历,"have 的过去式和过去分词形式，表示拥有、经历、吃喝或做某事已完成或过去。"
by,通过；在旁边；被,"表示方法、方式或媒介（例如 '通过电子邮件'）；表示位置，在某个物体或人旁边（例如 '站在我旁边'）；用于被动语态中，表示动作的执行者。"
not,不；不是,"用于否定陈述或表示相反的情况。"
word,词；单词,"构成语言的最小单位之一，通常由字母组成，具有意义。"
but,但是；然而,"用于连接两个对比或相反的说法；也可表示除了……之外。"
what,什么,"用于询问事物、信息、身份等，或表达惊讶、强调。"
some,一些；有些,"表示数量不定但多于零的；表示某人或某事物，但不具体说明身份。"
we,我们,"表示说话人团体中包括说话人在内的两人或多人。"
can,能；可以,"表示能力、许可或可能性。"
out,出；在外面,"表示离开内部；表示位于内部的外面。"
other,其他；别的,"不同于已经提到或已知的人或事物。"
were,是,"为be动词的过去式复数形式，用于表示过去某种状态、存在或属性。"
all,全部；所有,"表示整体、没有遗漏；也可指一切、所有的事物。"
there,那里；那儿,"表示某个位置或地方；也可用于引出句子，说明某事物的存在（例如 '有'）。"
when,什么时候；当...时,表示时间，询问或说明某事发生的时间。
up,上；向上,"表示位置较高或朝向较高的地方；表示完成或结束（例如 '用完'）。"
use,用；使用,"表示将某物用于特定目的或功能。"
your,你的,"表示属于或与你（或你们）有关联的东西。"
how,如何；怎样,"表示询问方式、方法或程度；也可用于感叹，表示惊讶或赞叹。"
said,说；说过的,"动词say的过去式和过去分词，表示“说过”或“曾经说”。"
an,一个,"用于元音开头的可数名词前，表示“一个”。"
each,每个；各自的,"指个体，表示群体中的每一个成员或单个事物。"
she,她,"第三人称单数女性代词，用来指代女性。"
which,哪个；哪些,"用于疑问句或从句中，询问或指代（已知范围内的）人或事物。"
do,做；干,"表示从事某个活动或工作；询问或陈述是否完成了某事。"
their,他们的,"用来表示或属于多个人或物，是they的所有格形式。"
time,时间；时候,"衡量事件持续或间隔的度量单位（例如分钟、小时）；指特定的时刻或时期。"
if,如果,引出条件状语从句，表示“假使，倘若”。
will,将；将会,"表示将来要发生的事情；表示意愿或决定。"
way,方法；方式；道路,"表示做事情的方式、手段或途径；也可指通往某地的路线或道路。"
about,关于；大约,"表示某个主题或论点，意为“关于”；表示数量或时间的近似，意为“大约”。"
many,许多；很多,"表示数量大，数目多。"
then,然后；那时,"表示时间上的顺序，指“接下来”或“事件发生之后”；或指过去或将来的某个时间。"
them,他们；她们；它们,"指代之前提到的复数人、女性或事物。"
write,写；写作,"用笔、铅笔或键盘在纸张或其他表面上形成字母、文字或符号；创作文章、书籍或诗歌等。"
would,将会；愿意,"助动词，表示将来可能发生的事情（例如 '我明天可能会来'）；表示委婉的请求或询问（例如 '你愿意帮忙吗？'）；表示过去的习惯或重复动作（例如 '他以前常去海边'）。"
like,喜欢；像,"表示喜爱或赞同某人或某事物；表示与...相似或具有...的性质。"
so,所以；因此,"表示结果或后果；表示程度（例如 '太好了'）或连接两个句子（例如 '我累了，所以想睡觉'）。"
these,这些,"表示指代距离说话者较近的、复数的人或事物。"
her,她；她的,"表示女性人称代词的宾格（例如 '帮助她'）或所有格形式（例如 '她的书'）。"
long,长；久的,"表示物体或时间在长度上很长；也表示持续时间很久。"
make,制造；制作；使,"指通过组合材料或部分来创造某物；使某人或某事变成特定的状态或样子。"
thing,事情；东西,"指物体的、事件的或抽象的概念，通常不具体说明是什么。"
see,看见；看到；理解,"用眼睛感知；理解或意识到某事物。"
him,他,"第三人称代词，用于指代男性宾格。"
two,二；两个,"表示数字 2；表示两个单元或数量。"
has,有；拥有,"是动词'have'的第三人称单数现在时形式，表示拥有、持有或存在。"
look,看；看起来,"表示用眼睛观察；表示某人或某物呈现出某种样子或状态。"
more,更多；进一步,"表示数量或程度大于、多于；表示在某个范围或时间上向远处或将来延伸。"
day,天；日,"指从日出到日落的时间段；也指24小时的时间单位。"
could,能够；可以,"是can的过去式，表示过去的能力或可能性；也用于提出请求或建议，语气更委婉。"
go,去；走,"表示离开一个地方前往另一个地方；表示移动、行进。"
come,来,"表示从远处移动到说话人或指定地点；出现；发生。"
did,做了；曾经,"do的过去式，表示在过去完成的动作或状态。"
number,数字；号码,"表示数量、顺序或代号（例如电话号码）。"
sound,声音；听起来,"指耳朵能听到的振动；形容某事物听起来怎么样。"
no,不；没有,"表示否定、反对或拒绝；表示不存在或没有。"
most,最,"用于形容词或副词前，表示程度最高；指大部分或多数的。"
people,人；人们,"泛指人类的个体或群体。"
my,我的,"物主代词，表示属于“我”的。"
over,在…上方；超过；结束,表示位置高于某物；数量或程度大于某数或某限度；事情完成或停止。
know,知道；认识,"表示了解信息、事实或某事物；表示与某人有过接触或认识。"
water,水,"一种无色、无味、透明的液体，覆盖 지구 的大部分，对生命至关重要。"
than,比,"用于比较不同事物，表示程度上的差异或关系。"
call,呼唤；打电话,"表示用声音邀请或命令某人来；也表示用电话与某人通话。"
first,第一；首先,"表示顺序、位置或时间上的最靠前；表示最开始或最重要的事情。"
who,谁,"表示询问是哪个人。"
may,可能；可以,"表示可能性或允许做某事。"
down,下；向下,"表示从高处到低处的位置或方向；也可表示情绪低落或减少。"
side,边；侧；方面,"物体或区域的边缘；身体的左侧或右侧；事物的某个特定的看法或观点。"
been,是；去过,"“be”的过去分词形式，表示已经存在或发生，例如“I have been to Beijing”（我去过北京）。"
now,现在；目前,"指说话时的时间；指当前的情况或时刻。"
find,找到；发现,"表示努力寻找后找到丢失或隐藏的东西；表示意识到或发现某个事实或情况。"
any,任何的；一些；随便的,"表示不确定数量或没有限制的选择；可在疑问句和否定句中表示数量；也可表示“随便哪个”。"
new,新的,刚出现的、首次发现的或与以前不同的。
work,工作；做工,"指进行体力或脑力劳动；也指机器或系统正常运转；还可指就业或职业。"
part,部分；零件,"一个整体中的某一块；机器或其他设备的一个组成部分。"
take,拿；取；带；乘坐,"表示用手或工具拿起、拿走某物；也可以表示将某物带到另一个地方；乘坐交通工具（例如 '乘出租车'）。"
get,得到；成为；变成,"表示获得或收取某物；表示达到某种状态或条件。"
place,地方；放置,"指某个特定的位置、地点或空间；也可以指把某物放在某个位置上。"
made,制作；制造,"过去式和过去分词，表示“制造”、“制作”或“创造”等动作已经完成。"
live,活；居住,"表示有生命、有活力；表示在某个地方居住或长期生活。"
where,哪里；在哪里,"用来询问或指示地点。"
after,在…之后；后来,"表示继某件事或时间之后发生的；表示后面的时间。"
back,回；后面,"表示回到原位或以前的状态；也可表示身体靠后的部分或物体的背面。"
little,小的；少量的,"表示尺寸、数量或程度上的不大；表示某事物的数量少。"
only,只有；仅仅,"强调数量少、限制范围或别无选择。"
round,圆；环形物,"形状像一个完整的圆周，没有角；也可以指循环反复的事物或游戏的一局。"
man,男人；人,"成年男性；泛指人类。"
year,年；年度,"表示地球绕太阳公转一周的时间，通常是365天（闰年366天）；表示某个特定的年度。"
came,来了；来临,"come 的过去式，表示移动到说话者所在的地方或某个特定地点。"
show,表演；展览；显示,"指演出、表演或展示给观众看；也可指展示某物，使其可见或突出。"
every,每个；所有,表示整体中的每一个独立个体，无一例外。
good,好；好的,"表示令人满意、有优点或符合标准；也可用于回应或赞同。"
me,我,"英语中 'I' 的宾格形式，指说话人自己。"
give,给；赠送,"将某物交给或送给某人；表示提供、付出。"
our,我们的,"属于或与我们有关的形容词，用来指代说话者和听话者或说话者所属的群体所拥有的事物。"
under,在下面；低于,"表示在…的下方，或处于低于某个位置、水平或数量的状态。"
name,名字；名称,"用于识别、称呼人、事物或地方的词。"
very,很；非常,"表示程度高，用来修饰形容词或副词。"
through,通过；穿过,"表示从一端到另一端穿过某物或某地；表示用某种方式或工具完成某事。"
just,正好；仅仅,"表示时间上刚好发生；表示只是、仅仅如此。"
form,形式；表格,"指事物的外观、形状或结构；也指需要填写的文件或申请表。"
sentence,句子,一组词，通常包含主语和谓语，表达一个完整的思想。
great,伟大的；非常好,"表示极好的、杰出的或重要的；也可用于称赞某事或某人做得非常好。"
think,认为；思考,"用大脑形成想法、意见或做出判断；也指考虑某事或某人。"
say,说；讲,"发出声音表达意思；用言语传达信息。"
help,帮助；帮助，帮忙,使某人更容易做某事或解决一个问题。
low,低；矮,"表示高度或程度低于通常水平或平均水平；声音小的或弱的。"
line,线；排；行,"表示细长的标记或条；表示一串人或物排列在一起；文字或诗歌的一行。"
differ,不同；有区别,"表示两个或更多的事物之间存在差异，不完全相同。"
turn,转；轮到,"表示一个物体围绕中心旋转；表示改变方向；表示（行动、机会等）轮流到某人或某物承担。"
cause,原因；引起,"导致某事发生的人、事物或情况；使某事发生。"
much,许多；很多,"表示数量大或程度高，通常用于不可数名词。"
mean,意思；意味着；卑鄙的,"表示某物的意义、重要性或意图；表示结果或必然性；形容人行为刻薄、不友善。"
before,在……之前；以前,"表示时间或顺序上先于某个事物或时间点；也可表示位置在前。"
move,移动；搬家,"表示从一个地方移到另一个地方；也指改变身体的位置或姿势。"
right,对；正确,"表示符合事实、道理或标准；也指权利或正义。"
boy,男孩；小子,"指年轻的男性；也可以用于非正式场合称呼年轻人。"
old,老的；旧的,"表示年老的（指人）；表示使用时间长的或不再新的（指物）。"
too,太；也,表示程度过深或超出；表示“也”或“同样”。
same,相同的；一样的,"表示与之前提到的人或事物没有区别，或在性质、外观等方面没有差异。"
tell,说；告诉,"用语言传达信息或叙述事情；向某人透露消息。"
does,做；确实,"助动词 do 的第三人称单数现在时形式，用于构成疑问句、否定句或加强语气。"
set,设置；一套；使处于,"使某物处于特定位置或状态；一组相关物品；（日落）下沉。"
three,三,"比二大一的数字；表示三个单位的数量。"
want,想要；想,"表示希望拥有某物、做某事或达到某个状态。"
air,空气,"地球周围的气体混合物，主要含有氮气和氧气；也可指天空。"
well,好；井,表示状态或行为令人满意；也可指挖掘的、用于取水的坑。
also,也；而且,"表示附加、同样的情况或进一步的信息。"
play,玩；扮演,"进行娱乐或活动，通常是为了乐趣；在戏剧、电影等中饰演角色。"
small,小的；小的东西,"指体积、尺寸或数量不大的；也可指小孩或小动物。"
end,结束；末尾,"表示事物的终止或完成；某物最后的、最远的部分。"
put,放；放置,"表示将某物移至或置于特定位置。"
home,家,"指一个人居住的地方，通常是和家人在一起；也可以指故乡或归宿。"
read,读；阅读,"理解或说出写下来的文字或符号。"
hand,手,人或动物的肢体末端，用来抓握或触摸。
port,港口；海港,"船只停泊、装卸货物和乘客的地方；一个城市或市镇，通常位于一个海港上。"
large,大的,"表示尺寸、数量或范围大于一般的。"
spell,拼写；咒语,"说出或写出单词的字母顺序；一组具有魔力的话语。"
add,加；增加,把一个数量和另一个数量合在一起；使某物变得更大或更多。
even,甚至；连同,"表示超出通常情况，强调某件事的重要性或意外性；也可表示平均或平坦。"
land,土地；降落,"地球表面未被水覆盖的部分；飞机、鸟等从空中回到地面。"
here,这里；在这儿,"表示说话者所在或指向的地点；表示在目前的时间或情况。"
must,必须；一定要,"表示有义务、必要性或很可能发生的事情。"
big,大的；重要的,"表示体积、尺寸或规模很大；也可指重要或有影响力的。"
high,高的；高,"表示高度大的；表示数量、水平或程度上大的。"
such,这样的；如此,"表示具有某种特定品质或性质的人或事物；也用于强调程度或数量。"
follow,跟随；遵循,"表示沿着某人或某物前进；表示按照规则、指示或榜样行事。"
act,行动；表演,"指做某事或采取某种行为；也指在戏剧、电影等中扮演角色。"
why,为什么,"用于询问原因或理由。"
ask,问；询问,"通过语言或文字请求信息、帮助或允许；提出问题。"
men,男人；男士,"指成年男性；有时也指泛指的人类（尤其在旧用法中）。"
change,改变；变化,"使不同或变得不同；事物变得不同的过程或结果。"
went,去了；去了的,"动词go的过去式，表示过去时间完成了“去”的动作。"
light,光；灯；轻的,"指使物体可见的辐射；用于照明的装置；指重量小的。"
kind,种类；善良,"表示事物的类别或类型；表示友好、乐于助人或有礼貌的品质。"
off,关闭；离开；脱离,"表示停止运转、断开连接；表示离开某个地方或表面；表示与某物分离。"
need,需要；需求,"表示必要性或必须得到的东西或状态；也可指感到缺乏某种东西。"
house,房子；住宅,"人们居住的建筑物。"
picture,图片；照片,"表示绘画、照片或图像；也可指脑海中的形象或概念。"
try,尝试；努力,"表示试图做某事或解决问题；也可指努力或用尽全力去完成某事。"
us,我们,"指说话人或书写人自己和他们在一起的人。"
again,再次；又,"表示重复，做同样的事情；表示回溯到以前的状态或位置。"
animal,动物,"指具有身体、能够移动和感觉的生き物，与植物不同。"
point,点；指出,"表示位置、时间或抽象概念；指用手指或其他东西指出方向或位置。"
mother,母亲；妈妈,"指女性的父母；也可用作亲切的称呼。"
world,世界,"指地球及其所有国家和人民；也可指某一特定领域或群体。"
near,近；靠近,"表示与某物或某人距离很近，不远；也可指时间上临近。"
build,建造；构建,"表示建起房屋、桥梁或其他结构；也指逐步形成或发展。"
self,自己；自我,"表示某人或某物自身；指个人的本性或特征。"
earth,地球；泥土,"太阳系中的第三颗行星，人类居住于此；也指地面的土壤或泥巴。"
father,父亲；爸爸,"男性父母；尊称或亲切称呼生育你的男性或养育你的男性长辈。"
head,头；头部,"指人或动物身体最上端的部分；也可指领导者或负责人。"
stand,站立；忍受；摊位,"用脚支撑身体保持直立；容忍或经受困难、痛苦等；售卖物品的小地方。"
own,自己的；拥有,"指属于某人或某物；也指拥有或拥有。。"
page,页；书页,"印刷物（如书、杂志）的一张或一片纸，每一面都算作一页。"
should,应该；应当,"表示责任、义务或推测可能性；表示建议或劝诫。"
country,国家；乡村,"表示一个独立的政治实体或民族的土地；也指农村地区，与城市相对。"
found,找到；发现,"是 find 的过去式和过去分词，表示过去找到了或发现了某人或某物。"
answer,回答；答案,"对问题、询问或请求的回应；解决问题的方法或结果。"
school,学校,进行教育和学习的机构，学生在此接受知识和技能的培训。
grow,生长；种植,"表示生命体变大、变长、变强壮；表示栽培植物。"
study,学习；研究,"表示为了获得知识或技能而付出时间和精力；也指对某一特定主题的深入探究。"
still,仍然；还,"表示动作或状态持续存在，没有停止或改变；也可以表示尽管有不利情况，但某事仍然发生。"
learn,学习,"通过学习或经验获得知识、技能或领悟。"
plant,植物；种植,"一种生长在土壤中的生物，通常有茎、叶和根；将种子或幼苗放入土壤中使其生长。"
cover,覆盖；封面；掩盖,"用某物盖住（例如用毯子盖住身体）；书或杂志的外层；隐藏或保护某物。"
food,食物；食品,"供人类或动物食用的物质。"
sun,太阳,"指太阳系中心的恒星，发出光和热。"
four,四,"数字 4。"
between,在…之间；介于,"表示在两个或多个事物、人或群体之间；指时间或程度的范围。"
state,状态；州；国家,"指人或物的存在形式、情况；也指美国的各个行政区划单位；或泛指一个独立的政府统治下的区域。"
keep,保持；保留,"表示持续拥有、维持某种状态或位置；也可指遵守诺言或约定。"
eye,眼,"人或动物的视觉器官。"
never,从不；永不,"表示任何时候都不发生或不存在。"
last,最后的；持续,"表示在序列、时间或空间上排在最末尾的；表示某物持续多久或能用多久。"
let,让；允许,"表示同意或允许某人做某事；也表示假设或提出一个想法。"
thought,思考；想法,表示对某事的思考过程或结果；也可以指一种观念或主意。
city,城市,"人口众多、设施发达的定居点，通常比城镇或村庄大。"
tree,树,"一种大的多年生植物，通常有一个主干，有很多分枝，上面有树叶或针叶。"
cross,交叉；跨越；十字架,"表示从一边到另一边移动；表示两条线或事物相交；表示一个由两条垂直线组成的形状（十字架）。"
farm,农场；耕作,"一块用于种植作物或饲养动物的土地；指在农场上工作或种植作物。"
hard,硬；困难,不容易弯曲或改变形状的；需要付出很大努力的；不容易理解或解决的。
start,开始；启动,"表示事情的起点、开端或行动的发起；也指机器或引擎等的启动。"
might,可能；力量,"表示可能性、不确定性或微弱的能力；也可表示强大的力量或权力。"
story,故事；传说,"讲述事件或经历的书面或口头记述，可以是真实的或虚构的。"
saw,看见了；锯子,"see 的过去式，表示过去看到某物；一种工具，通常用于切割木头或其他材料。"
far,远,"距离或时间上很大的。"
sea,海,"大片的咸水区域。"
draw,画；吸引；拉,"指用笔等工具在纸上或其他表面上作画；指吸引某人或物前来；指用力拉动某物。"
left,左边；离开,"表示方向，与 'reft' 相反；也可指离开某个地方或某人。"
late,晚的；迟到的,"表示时间超过了预定的或通常的时间；也可以指在时间上靠后。"
run,跑,表示快速移动，尤其用腿。
don't,不要；不,"是 do not 的缩写，用于否定句或祈使句，表示“不”或“请勿”的意思。"
while,在...时候；而，然而,表示在某事发生的同时，或用于连接两个对比或相反的事物。
press,按；压力,"用力量向下或向前推；新闻界或媒体；紧迫的情况。"
close,关闭；靠近,"表示把…关上或合起来；表示距离很近。"
night,夜晚；夜,"指从日落到日出的时间段。"
real,真实的；真的,"表示事物确实存在或像看起来那样，不是虚假的或想象的。"
life,生活；生命,"指生存的状态；也指人的生命或一生。"
few,少数；很少,"指数量不大的人或事物。"
north,北；北方,"罗盘上的主要方向之一，与南相对；指位于北部区域的。"
open,打开；开放,"表示使某物从关闭状态变为开启状态，或表示某地或某事物可供进入或使用。"
seem,好像；似乎,"表示看起来或感觉起来某种样子。"
together,一起；共同,"表示与某人或某物一同；也指联合、集合地。"
next,下一个,紧随其后的；与当前或最近事物接壤的。
white,白色,指像雪或牛奶那样的颜色；也指皮肤是这种颜色的人；用于表示清白、纯洁等概念。
children,孩子；儿童,"指未成年的人，尤其是男孩或女孩。"
begin,开始；着手,"表示动作、状态或活动由零变为有，或者从某个点向前发展。"
got,得到；有,"是动词 get 的过去式或过去分词，表示获得、收到或拥有。"
walk,走；步行,"用腿移动身体；以正常的步行速度行走。"
example,例子；榜样,"用来表示某个类型的典型或说明；值得学习的范例。"
ease,放松；减轻,"（使紧张、困难或疼痛等）减轻或消失；使感到舒适或不费力。"
paper,纸；文件,"用来写字、印刷或包装的薄片材料；或指证明某种身份、权利或事实的文件。"
group,组；群体,"指一些人或事物聚集在一起形成的整体；也可以指按某种标准划分的类别。"
always,总是；一直,"表示在每个时间、永远或反复地发生。"
music,音乐,"指歌曲、旋律或其他有组织的、令人愉悦的声音形式。"
those,那些,"是 that 的复数，指代之前提到过或可识别的（通常离说话者较远的）人、事或物。"
both,两个都；既…又…,"表示两个人/事物都包含在内；用于强调两个并列的项目。"
mark,标记；分数,"表示在某物上留下的符号、印记；也表示在考试、比赛中获得的成绩。"
often,经常；常常,"表示某事发生的频率很高、很多次。"
letter,信；字母,"指写给别人的书面信息；也指构成文字的符号。"
until,直到；在……以前,表示时间，说明某事持续到某个特定的时间点或事件发生为止。
mile,英里；哩,"衡量距离的单位，等于1760码或约1.6公里。"
river,河流,一种天然的、通常很大的流经土地并注入海洋、湖泊或其他河流的水体。
car,汽车；轿车,"一种有四个轮子，通常由发动机驱动的陆地交通工具。"
feet,脚；英尺,"指人类或动物的肢体末端用于站立和行走的部分；也指一种长度单位，等于12英寸。"
care,关心；照顾,"指对某人或某事的关注、担忧或照料。"
second,第二,表示排序中的位置，紧随第一之后；也指时间单位，一分钟的六十分之一。
book,书,"用于阅读或书写的装订起来的纸张；也可以指预订。"
carry,携带；搬运,"用手或身体的某部分拿或搬动某物，从一个地方到另一个地方。"
took,拿；采取,"take的过去式，意为拿起、带着、乘坐、花费（时间）、接受、进行、吃药或采取行动等。"
science,科学,"对自然和社会现象的系统研究和知识体系。"
eat,吃,"用嘴咀嚼和吞咽食物。"
room,房间；空间,指建筑物内的分隔区域；也可指可用的地方或余地。
friend,朋友；友人,"指通过互相喜爱或尊重而建立关系的人。"
began,开始,表示某事物的启动或发生。
idea,主意；想法,表示脑海中形成的计划、建议或概念。
fish,鱼,"一种生活在水中的、通常有鳍和鳃的动物。"
mountain,山,"比周围地面高的自然隆起，通常比丘陵大。"
stop,停止；停留,"表示停止运动、活动或进展；也可以指在某个地方短暂地停留。"
once,一次；曾经,"表示过去某个时间发生过一次的事情；表示某个时间点或经历过的事情。"
base,基础；底部,"指物体最下面的部分，或事物赖以存在的根本；也可指军事基地。"
hear,听见；听到,"用耳朵感知声音。"
horse,马,"一种大型四腿动物，常用作骑乘或拉车。"
cut,剪；切,"用锋利的工具（如刀或剪刀）将某物分成两部分或更小的部分。"
sure,确信；当然,"表示对某事有把握、没疑问；表示同意、乐意或肯定回答。"
watch,手表；看,"戴在手腕上用来显示时间的装置；用眼睛看某个事物。"
color,颜色；色彩,"物体表面所显示的属性，由光线的反射或发射决定。"
face,脸；面对,"人或动物的头部正面，包括眼睛、鼻子和嘴；面对或处理（困难或情况）。"
wood,木头；森林,构成树干、树枝的坚硬物质；成片的树木。
main,主要的,"指最重要、最主要的或基本的。"
enough,足够的；足够，“表示数量或程度达到了所需的或令人满意的水平；也可指够了，不再需要。”
plain,朴素的；清楚的,"表示简单、没有修饰或花纹；也表示清楚、易于理解。"
girl,女孩；姑娘,"指年轻的女性人类；尤其指未满十八岁的女性。"
usual,通常的；平常的,"指经常发生、习惯性的或普通的；不特别的。"
young,年轻的；幼小的,"指年龄较小的人或动物；指处于早期阶段的事物。"
ready,准备好的；乐意的,"表示已做好某事的准备；表示愿意或甘心做某事。"
above,在上面；高于,"表示位置在某物的上方；表示在数量、程度或重要性上超过某物。"
ever,曾经；总是,"表示在任何时候（过去、现在或将来）发生过；表示强调，如同“总是”或“一直”。"
red,红色；红色的,"表示颜色，像血或火的颜色；也可指共产党或左翼政治派别。"
list,列表；表,"一种包含一系列项目或名称的集合，通常按特定顺序排列；也可指列出项目、名称等。"
though,虽然；不过,"表示转折、让步或对比，类似于“尽管”、“然而”。"
feel,感觉；觉得,"表示通过感官或情感体验某事物。"
talk,说话；交谈,"用嘴发出声音，或用语言表达想法或感受；与某人交谈。"
bird,鸟,"一种有羽毛、翅膀和喙的会飞的脊椎动物。"
soon,很快；不久,"表示在不长的时间之后发生；很快就会。"
body,身体；尸体,"指人或动物的躯体部分；有时也指死去的躯体。"
dog,狗,"一种常见的四条腿的动物，通常被人类饲养作为宠物或工作动物。"
family,家庭；家人,"指由父母和子女组成的社会单位，或指同一祖宗的全部人；也可指具有血缘或婚姻关系的一群人。"
direct,直接；指导,"表示笔直的、没有绕道的（例如 '直达列车'）；表示引导或管理某人或某事（例如 '指导方向'）。"
pose,姿势；摆姿势,"指身体或物体的特定姿态或位置；也指为拍照或绘画等目的摆出某种姿势。"
leave,离开,"表示离开某个地方或人。"
song,歌曲,"词曲结合，通常用于歌唱或演奏，表达情感或故事的艺术形式。"
measure,测量；衡量,"表示确定某物的尺寸、数量、大小、程度等；也指采取行动来达到某个目的或应对某个情况。"
door,门,"建筑物或房间的出入口，通常由铰链连接的面板构成，可以打开或关闭。"
product,产品,"指经过加工、生产或创造出来的物品或服务。"
black,黑色,"表示没有颜色或吸收所有可见光的颜色。"
short,短的；矮的；不足的,"长度或高度较小；时间短暂；数量不够或不足。"
numeral,数字,"表示数的符号或词。"
class,班级；课，指学校里的一群学生组成的集体，或指教学的时间段或课程内容。
wind,风,"指空气的自然流动，通常水平移动。"
question,问题；提问,"表示需要回答的内容；也指提出问题或疑问的行为。"
happen,发生；碰巧,"表示某件事成为了现实，出现了；表示某事碰巧发生或发生而没有事先计划。"
complete,完成；完整的,"表示达到结束或完美状态；表示没有缺失或遗漏的。"
ship,船；舰,"在海上航行的交通工具，通常用来运输货物或载人。"
area,区域；范围,"表示某个特定的地方或范围；也指某个特定领域的范围或范畴。"
half,一半；半个,"表示总量或整体的两个相等的部分之一。"
rock,岩石；摇滚,"一种坚硬的矿物集合体，常构成山脉或大块地面；一种流行音乐风格，节奏强烈，常使用电吉他和鼓。"
order,命令；次序；点菜,"表示要求某人做某事或服从的指示；表示排列的顺序或组织方式；表示在餐厅等地方点取食物或商品。"
fire,火；着火；解雇；射击,"燃烧时发光发热的东西；开始燃烧；让某人失去工作；用枪发射子弹。"
south,南；南方,表示方向，与北方相对；也可指一个国家或地区南面的一部分。
problem,问题；难题,"需要解决的困难情况或事情；需要思考或解答的困难点。"
piece,块；片；件,"指物体的一部分或片段；也可指一件物品或艺术作品。"
told,告诉,动词tell的过去式和过去分词形式，表示将信息传达给某人。
knew,知道；认识,"know 的过去式，表示过去了解某事或认识某人。"
pass,通过；经过；传递,"表示成功完成某事；从一个地方到另一个地方；把东西给别人。"
since,自从；因为,"表示从过去某个时间点到现在的一段时间；表示原因或理由。"
top,顶；顶部；上面,"指物体或地方的最高部分或表面；也可以指最优良的、最重要的或最优秀的。"
whole,全部；整个,"表示完整、没有遗漏、全部的。"
king,国王,一个国家的男性统治者。
space,空间,表示存在物体的地方；太空，宇宙。
heard,听见；听说,"heard 是 hear 的过去式和过去分词形式，表示用耳朵感知声音，或者得知某个消息或信息。"
best,最好的；最佳的,"表示在质量、能力或表现等方面达到最高水平或超过所有其他人或事物。"
hour,小时,"表示时间的单位，一小时等于六十分钟。"
better,更好；更佳,"比…好，在质量、表现或满意度上超过…"
true,真实的；真的,"符合事实或实际情况的；不是假的或虚构的。"
during,在……期间；在……时候,"表示在某个时间段或某个事件发生的整个过程中。"
hundred,百,"表示一百这个数字或单位。"
five,五,"比四多一个的数字；表示数量为 五 的。"
remember,记住；记得,"指在脑海中保留或回想起过去经历、信息或事物的能力。"
step,步骤；脚步,"表示前进的动作或过程；也可指为了达到某个目标的某个阶段或措施。"
early,早,"比平常、预期或需要的时间提前发生或到达。"
hold,拿；保持；握住；举行,"用手或手臂抓住东西；保持某种状态或位置；举行会议或活动。"
west,西,"四个主要方向之一，太阳落下的方向。"
ground,地面；土地,地球的表面；或指特定的土地用途。
interest,兴趣；利益,"表示对某事物的好奇心或关注；也可表示金钱的收益，例如存款的利息。"
reach,到达；够到,"表示抵达某个地方；也表示伸出手或物体够到某物。"
fast,快的；迅速的；禁食,"表示移动速度很快或发生速度很快；也可指一段时间不吃东西。"
verb,动词,"表示动作、行为或存在状态的词。"
sing,唱歌,"发出乐音，通常指用自己的声音发出旋律。"
listen,听,用耳朵感知声音；注意倾听。
six,六,"数字 '6' 的中文表达。"
table,桌子,"一种有表面和通常有四条腿的家具，用于放置物品或吃饭、工作等。"
travel,旅行；旅游,"从一个地方到另一个地方；为了娱乐或工作而进行的长途旅行。"
less,较少的；更少的,"表示数量、程度或重要性比另一事物小。"
morning,早晨；上午,"指一天中从日出到中午前的这段时间。"
ten,十,"表示数字10。"
simple,简单的；朴素的,"容易理解、做或学习的，不复杂的；不花哨的，朴实的。"
several,几个；若干,"表示数量不止两个，但不多。"
vowel,元音,"发音时气流通过口腔不受阻碍的声音。"
toward,朝；向,"表示朝着某个方向移动或指向某个地方；也可表示对某人或某事采取某种态度。"
war,战争,"国家之间或团体之间为达成政治目的而进行的武力、暴力冲突。"
lay,放置；躺下,"表示轻柔地放下某物；表示身体平躺。"
against,反对；对抗,"表示反对某事或某人；表示与…相对抗或相比较；表示紧靠着某物。"
pattern,模式；式样,"重复出现的形状、线条或设计；事物发展或变化的规律性。"
slow,慢,移动、进行或反应的速度不快；需要较长时间的。
center,中心；中央,"一个区域的中间；重要的地点或焦点。"
love,爱；喜欢,"表示强烈的喜爱、热情或深厚的情感；也可指喜欢某事或某人。"
person,人,"指有思想、有感情、会说话的个体；泛指人们。"
money,钱；货币,"用于购买商品或服务的东西；国家发行的流通媒介。"
serve,服务；侍候,"为他人提供帮助或有用的东西；在餐馆或商店为顾客提供食物或商品；为国家或组织工作。"
appear,出现；看来,"表示变得看得见或开始存在；也表示似乎、好像是。"
road,路；道路,"供车辆、行人等通行的地面；特指连接不同地方的通道。"
map,地图,"用于表示地理区域或特定地点的平面图或导航工具。"
rain,雨；下雨,"从天空落下的水滴；表示天空落下了水滴。"
rule,规则；统治,"指一套指导或限制行为的原理或规定；也指管理或控制国家或地区。"
govern,统治；管理,"指某人或团体对某个国家、地区或组织进行政治上的领导和管理；也指影响或决定某个事物。"
pull,拉；拽,"用手或工具向自己或某个方向使力以便移动某物；也指吸引、引起某事发生。"
cold,冷的；感冒,"指温度低，感觉凉；也指一种常见的疾病，症状包括打喷嚏和咳嗽。"
notice,公告；布告；通知,写下来或印刷出来的官方声明或信息；也指引起注意或被看到或听到。
voice,声音；嗓音,"指人或动物发出的声音，尤其是指说话或唱歌的声音；也指表达意见或情感的权利。"
unit,单元；单位,"表示独立的、可测量或可识别的部分；也可指标准的计量单位。"
power,力量；权力；功率,"表示能够做某事或影响事物的能力；也指控制或统治他人的权力；在物理学中指做功的速率。"
town,市镇；城镇,"比城市小但比村庄大的居住区，通常有商店、学校和政府建筑。"
fine,好；罚款,"表示好的、不错的、健康的；也指因违法行为而支付的钱。"
certain,确定的；无疑的，,"表示某种事物是真实的、无疑的或肯定会发生的；也可指某个但不确定具体是谁或什么。"
fly,飞,"指鸟、昆虫或飞机在空中移动；也可以指乘坐飞机旅行。"
fall,落下；跌倒,"表示物体从高处向下降落；表示人或动物失去平衡倒下。"
lead,带领；领导；铅,"表示引导、指挥行动或方向；也指一种化学元素，符号为 Pb。"
cry,哭；叫喊,"因为伤心、疼痛等原因流眼泪或发出声音；大声喊叫。"
dark,黑暗的；阴暗的,"指光线很少或没有光线；也指颜色深。"
machine,机器,"用于执行特定任务的设备，通常涉及移动部件或电子元件。"
note,笔记；便条；音符,"表示写下来的简短记录，用于提醒或提供信息；也可以指音乐中的一个声音信号。"
wait,等待；等候,"停止活动，直到某事发生或某人到来。"
plan,计划,事先想好行动步骤或要达到的目标。
figure,数字；人物；身材；图形,表示数字、数量或形状；也指重要的人物；或人的体型。
star,星；星星,"指夜空中发光的球状天体；也指在表演艺术、体育等领域有很高知名度的人。"
box,盒子；箱子,"通常为方形或长方形的容器，用于存放或运输物品。"
noun,名词,"指人、地方、事物、想法或概念的词。例如 '桌子'、'北京'、'快乐'。"
field,田；字段,"一片开阔的土地，通常用于种植庄稼或放牧动物；计算机或表格中的一个特定数据项区域。"
rest,休息；剩余,停止活动或劳作以恢复体力；指剩下的或未使用的部分。
correct,正确的；纠正,"没有错误的；符合事实或标准的；使某物没有错误或符合标准。"
able,能够；有能力的,"表示有能力做某事；有技能或力量去做某事。"
pound,磅；英镑,"重量单位，约等于0.453千克；英国、爱尔兰等国的货币单位。"
done,完成；做好,"表示某事已经结束或已经做好。"
beauty,美；美丽,"指令人愉悦或欣赏的特质，通常与外表、艺术或自然有关。"
drive,开；驾驶；驱赶,"表示操作车辆使其移动，如开车或驾驶；也可指迫使某人或某物移动或做某事（如驱赶动物）；或指强烈的欲望驱动（如被好奇心驱使）。"
stood,站；立,"stayed in a vertical posture on the feet。"
contain,包含；含有,"指物体、容器或空间内部有某物；也指某种物质含有某种成分。"
front,前面；前部,"指某物的正面或最靠前的一部分；也指站在或位于某人的前面。"
teach,教；教授,"将知识或技能传授给他人。"
week,周；星期,"连续七天组成的时期；从星期一到星期日或从星期日到星期六。"
final,最后的；结局,"表示列表、过程或事件的最后一个；最终结果或结论。"
gave,给了；给予了,"给（give）的过去式，表示过去将某物送给或交给某人。"
green,绿色,表示植物叶子或未成熟水果的颜色；也可指环保或新手。
oh,哦；啊,"用于表示惊讶、理解、疼痛或作为对话的开始。"
quick,快的；迅速的,"表示速度快，动作敏捷或事情发生得很快。"
develop,发展；开发,"使某事物成长壮大、变得更好的过程；设计并制造出新的产品或系统。"
ocean,海洋；大海,"地球表面被海水覆盖的广阔区域。"
warm,暖和的；温暖的；加热,"感觉、保持或制造出高于周围环境但又不烫的温度；友好且充满热情。"
free,自由的；免费的,"表示不受限制或束缚；也表示不需付费。"
minute,分；分钟,"时间单位，等于六十分之一小时；非常短暂的时间。"
strong,强壮的；强大的；结实的,"表示体力或力量大；表示组织或影响力大；表示不容易损坏或断裂。"
special,特殊的；特别的,"指不同寻常的、独特的或具有特定重要性的。"
mind,头脑；介意,"指思考、感知和意识的能力；也指在乎、反对或担忧某事。"
behind,在后面；落后,"表示位置在……背后；表示发展、进度等方面不如别人。"
clear,清楚的；清晰的；清除,"容易看或理解；没有障碍物；移除或清理掉。"
tail,尾巴,"动物身体末端像肢体一样摆动的部分。"
produce,生产；制造,"指创造、制造或生长物品；也指农产品。"
fact,事实,指已经发生或被证明为真实的事情或情况。
street,街道；马路,"指城镇中房屋之间铺设的道路，供车辆和行人通行。"
inch,英寸,"英尺的十二分之一，是一个长度单位。"
multiply,乘；乘以,"通过反复加上一个数或使其数量增加相同的倍数来进行运算。"
nothing,没有东西；无,"表示不存在任何事物；空无一物。"
course,课程；当然,"指一系列课程或学习单元；也可表示顺其自然或预期的事情（例如 '当然会下雨'）。"
stay,留；停留；住宿,"表示在某个地方一段时间；表示暂停移动；表示暂住在某处。"
wheel,轮子,"圆形物体，通常用于车辆、机器等，绕轴转动以便移动或工作。"
full,满；饱,"表示充满、完全具备或达到最大限度；饮食后感到满足。"
force,力量；强制,"表示物体运动或改变状态的原因；也指强迫、迫使做某事。"
blue,蓝色,"表示天空或大海的颜色；也表示忧伤或沮丧的心情。"
object,物体；目标；反对,"指一个具体的、可以看见或触摸到的东西；也可指试图达到或完成的事情；还可以指不同意（某事）。"
decide,决定；下决心,"选择一个选项，尤其是在有多种可能性的时候；做出最终的选择或判断。"
surface,表面；外观,"指物体的外层或外部；也指事物呈现出来的样子或给人留下的印象。"
deep,深的,表示从表面到下方或后面距离较远的，或涉及事物更本质或复杂的部分。
moon,月亮,地球的天然卫星，环绕地球运行，夜间在天空中可见。
island,岛,"四面环水的陆地。"
foot,脚；英尺,"人或动物的肢体末端，用于站立、行走；长度单位，等于12英寸，约合30.48厘米。"
system,系统；体系,"由相互关联的部分组成的整体；一套组织起来的方法或原则。"
busy,忙碌的,"表示有很多事情要做，没有空闲时间或闲暇。"
test,测试；试验,"为确定某物的功能、质量或性能而进行的检查或过程。"
record,记录；唱片,"指关于事件的信息的文字或声音保存；也可指记录声音的圆形塑料片。"
boat,船,"一种用于水上交通或休闲的小型开放式船只。"
common,常见的；普通,"指经常发生、普遍存在或不特别、不独特的。"
gold,金；黄金,"一种贵重的黄色金属元素，通常用于制造硬币、珠宝和装饰品。"
possible,可能；可能的,"有可能发生或存在的；符合逻辑的；在能力范围内的。"
plane,飞机；平面 vehicle that flies in the air; a flat surface
stead,地方；位置,"指某个 स्थान 或 定位。"
dry,干的；干燥,"缺少湿气或水分的状态；不湿润。"
wonder,想知道；奇迹,"表示想知道某事是否属实或会发生什么；表示令人惊奇或赞叹的事物。"
laugh,笑,"发出声音表示快乐或有趣。"
thousand,千,"表示数量上的一千个。"
ago,以前；之前,"表示时间过去已有多久。"
ran,跑；奔跑,"是动词 run 的过去式，表示过去的时间进行了跑步或奔跑的动作。"
check,检查；查看；核实,"表示仔细查看或检验某物以确保其正确、安全或符合要求；也可指查看或确认某事。"
game,游戏；比赛,"一种玩耍、娱乐或竞争的活动，通常有规则。"
shape,形状；身材,"物体的外形或轮廓；人的体型或体态。"
equate,等于；等同于,"将某物视为与另一物相同或相等；在数学上表示两者数值相等。"
hot,热；烫,"温度很高；摸起来感觉很热；形容辛辣的味道。"
miss,想念；错过,"表示对某人或某事的思念；也表示没有抓住机会或没有达到目标。"
brought,带来,"表示将某人或某物从一个地方带到另一个地方；bring的过去式和过去分词。"
heat,热；加热,"表示物体温度升高或高温的状态；也表示使物体变热。"
snow,雪,"以雪花形式从空中掉落的冰晶；也指这种冰晶的堆积物。"
tire,轮胎；疲倦,"指车辆上的圆形橡胶环；指使人感到疲劳。"
bring,带来；拿来,"表示把某人或某物从一个地方带到另一个地方，通常是说话人所在的地方。"
yes,是；对；好,"表示同意、肯定或回答问题时用。"
distant,遥远的；疏远的,"表示空间或时间上的距离很远；也可指人际关系不亲近、冷淡。"
fill,装满；填满；填写,"表示使容器、空间或物体变满；也可指填充空白或表格。"
east,东,"指南针上的一个主要方向，与西相对。"
paint,画；颜料,用颜色涂抹物体表面，或指用于涂色的物质。
language,语言,人类（或动物）用来交流的文字或声音系统；计算机用来执行指令的编码系统。
among,在...之间；在...之中,"表示某人在或某物在一群人或事物里面，或者表示属于某个群体的一部分。"
grand,宏伟的；盛大的；重要的,"表示非常大、壮观或令人印象深刻；也表示重要的或高级的。"
ball,球,"通常指圆形或球形的物体，用于游戏或运动；也可指舞会。"
yet,还；仍然；但是,"表示某事直到现在还没有发生（例如 '还没来'）；表示尽管如此但仍旧（例如 '虽然累，但仍要继续'）；表示转折，与 '但是' 类似。"
wave,波；挥手,"水面起伏；用手或物体摆动。"
drop,落下；滴；下降,"表示某物从高处掉下；液体形成小滴；数量或程度减少。"
heart,心,表示人体或动物的器官，负责血液循环；也可指情感、感受或内心。
am,是,"动词be的一种形式，用于第一人称单数现在时，例如“我是学生”。"
present,送；给予；现在；目前的,"交付某物作为礼物；提供或展示；当前的时间或事物；目前的、当前的。"
heavy,重的；沉重的,"表示物体有很大的重量，难以提起或移动；也可表示份量大或程度深（例如 '大雨'；'沉重的心情'）。"
dance,跳舞；舞蹈,"用身体随着音乐做有节奏的动作；指一种通过身体运动来表达情感或故事的艺术形式。"
engine,发动机；引擎,"一种将能量转化为动力从而产生运动的机器。"
position,位置；职位,"指的是物体、人或地方所处的位置或地点；也指在组织、公司等中的职务或职位。"
arm,手臂；武装,"身体从肩到手的部分；武器，兵器；用武器装备某人或某物。"
wide,宽的；广阔的,"指距离或范围很大；也可指视野或知识很广。"
sail,航行；帆,"指乘船或行驶船只，尤其是利用风力；也指船上的帆布。"
material,材料；物质,"构成事物的基础成分或物质；也指用于制作或建造的物品。"
size,大小,"指物体或空间的尺寸、规模或体积。"
vary,变化；不同,"（使）改变；在不同情况或条件下显示不同；（物）各自不同。"
settle,解决；安定,"表示结束争端或分歧；表示在一个地方定居下来。"
speak,说；讲,"用口头表达想法、感受或信息；指会用某种语言进行交流。"
weight,重量；体重,"物体因重力而受到的力的大小；人或动物的身体重量，通常用作衡量胖瘦的指标。"
general,总的；一般的,"表示普遍的、涵盖广泛的（与'具体的'相对）；表示常见或通常的。"
ice,冰,"液体水在低温下的固体形式。"
matter,事情；要紧,"指某一事件、事物；也指重要或值得关注的事情。"
circle,圆；圈,一种圆形、关闭的曲线；也可指围绕某物移动或聚集的一群人。
pair,一对儿；一双,"指两个相同的东西，它们通常用作一个整体或是一套。"
include,包括；包含,"将某事物或某人作为整体的一部分放入或列入。"
divide,分开；划分,"将整体分成几部分；分配或分享。"
syllable,音节,"构成单词发音的基本单位，通常包含一个元音音素。"
felt,感觉；觉得,"动词 'feel' 的过去式和过去分词，表示用感官体验到、意识到或通过触摸感受到。"
perhaps,也许；可能,"表示不确定或可能发生的情况。"
pick,捡；挑选；选择,"用手或其他工具取出或收集；从一组选项中选出；决定要什么。"
sudden,突然的；忽然,"表示快速且出乎意料地发生或出现。"
count,数；计数,"计算总数；计算到某个数字；重要或有价值。"
square,广场；正方形；平方,表示一个四边相等、四个内角都是直角的图形；也可以指城镇中心的一块空地，通常是公共场所；在数学中表示一个数自乘两次的结果。
reason,原因；理由,"解释为什么某事发生或某人做某事的理由。"
length,长度,"物体或时间的测量或尺寸；（例如，从头到尾的）距离。"
represent,代表；代理,"表示代某人或某物行事；也表示象征或体现某个概念或特征。"
art,艺术,"指人类创造的、表达思想或情感的作品，如绘画、雕塑、音乐、文学等。"
subject,主题；科目；臣民,"讨论、思考或研究的对象；在学校学习的课程；一个国家或统治者的臣民。"
region,区域；地区,"指因地理、文化或其他特征相似而形成的一块较大的地方。"
energy,能量；精力,"做功的能力，活动的动力；人的活力和精神。"
hunt,打猎；寻找,"追逐并捕杀野生动物（作为运动或获取食物）；努力寻找（例如：找工作）。"
probable,很可能的,非常有希望的,"表示某事很有可能发生或很可能是真实存在的。"
bed,床,"睡觉或休息用的家具。"
brother,兄弟；哥哥；弟弟,"指同父母所生的男性；也泛指意气相投的男性朋友。"
egg,蛋；鸡蛋,"指鸟类，尤其是鸡，产的椭圆形物体，通常用来吃。"
ride,骑；搭乘,"坐在动物（如马）背上或交通工具（如自行车、汽车）中 이동。"
cell,细胞；牢房,"生物体的基本单位；监狱中的小房间。"
believe,相信；认为,"认为某事是真的或存在的；对某人或某事有信心。"
fraction,分数；一小部分,"表示整体的一部分，特别是数学中两数相除的结果；也可表示少量或很小的部分。"
forest,森林,"大片生长着树木的区域，通常也包括灌木、植物和野生动物。"
sit,坐,"以臀部着地的姿势，通常坐在椅子、地面或其他表面上。"
race,比赛；种族,一种竞赛，看谁最快或最好；指人类或动物的分类。
window,窗户,"建筑物墙壁上的开口，通常带有玻璃，可以透光和通风。"
store,商店；储存,"销售商品的场所；把东西存放起来以备后用。"
summer,夏天,一年中最热的季节，通常在春季之后、秋季之前。
train,火车；训练,"一种沿着轨道行驶的交通工具；教育或指导某人学习技能或发展习惯。"
sleep,睡觉；睡眠,"指身体进入一种休息状态，意识减退，通常通过闭眼来完成；也可指这种休息状态本身。"
prove,证明；证实,"提供证据来表明某事是真实的或正确的；通过经验表明某件事的性质或能力。"
lone,孤独的；单独的,"表示一个人或事物独自存在，没有同伴或其他人。"
leg,腿,"人的或动物的用来行走或站立的身体部分。"
exercise,练习；运动,"指为了增强身体健康而进行的活动；也指为了熟练掌握技能而做的练习。"
wall,墙,"建筑物或房间的垂直表面；一种分隔或围住区域的结构。"
catch,抓住；赶上,"抓住、接住或拦截移动中的物体或人；也表示赶上或达到某个状态或时间。"
mount,登上；安装；增加；山峰,"表示往高处攀登或上升；表示把东西固定或放在一起；表示数量或强度的增加；也可指山或山峰，尤指高山。"
wish,希望；愿望,"希望某事发生或实现；一个想要发生或实现的事情。"
sky,天空；天,"地球大气层或宇宙空间对人的视觉形成的印象；在地球表面上方看到的大范围空间。"
board,板；董事会,"一片平坦、通常较硬的材料（如木板、纸板）；管理公司或组织的最高层群体。"
joy,喜悦；快乐,"表示非常高兴或感到快乐。"
winter,冬天,一年的四个季节之一，天气通常寒冷，白雪可能落下。
sat,坐；坐下,指人或动物身体坐着的状态或动作，通常指臀部着地。
written,书写；写成的,"表示某个内容已经被写下来或以书面形式存在。"
wild,野生的；野的,"指生长在自然环境中，未经驯化或栽培的；也可指未经雕琢、不受拘束的。"
instrument,乐器；仪器；工具,"用于奏乐的器具；用于测量、控制或执行特定功能的设备；实现某个目的的手段。"
kept,保持；保管,"动词keep的过去式和过去分词，表示继续保持某种状态，或将某物保存起来。"
glass,玻璃；杯子,"一种硬而脆的透明材料；用这种材料制成的杯状容器。"
grass,草,"植物的一种，通常指叶子细长、绿色、生长在地上的。"
cow,牛,"一种雌性家畜，能产奶，常被饲养以提供肉和奶。"
job,工作；职业,"指一个人为了赚钱或完成任务而做的有规律的活动或岗位。"
edge,边缘；优势,指物体最外面的部分；也指在竞争中拥有的有利条件。
sign,标志；招牌；迹象,"表示某种事物的存在、意义或方向的图形、文字或符号；商店或企业的名称牌；预示或表明某种情况发生的征兆。"
visit,参观；拜访；访问,"去某个地方或看望某人。"
past,过去,已过的时期或时间
soft,软的；温和的,"表示不硬、容易变形；也可表示声音或光线不强；或态度、性格温和。"
fun,乐趣；娱乐,"表示愉快、令人享受的活动或体验；指有趣的事情。"
bright,明亮的；聪明的,发出强光或色彩鲜艳的；指人聪明、理解力强。
gas,气体；汽油,"一种没有固定形状的物质，如空气或蒸汽；也指用作燃料的一种液体，如用于汽车的。"
weather,天气,"指一个地方或特定时间的大气状况，如晴、雨、风等。"
month,月；月份,"时间单位，一年分十二个月。"
million,百万,"一百万；表示数量巨大。"
bear,熊；承受；忍受,"一种大型哺乳动物，通常毛皮厚实；承担或忍受（例如重担或困难）。"
finish,完成；结束,"表示做某件事或达到目标的最后阶段，使其不再继续；也可以指某物到了尽头。"
happy,高兴；快乐,"感到或表现出愉快和满足。"
hope,希望,"一种对某种结果、事件或情况的期望或愿望；表示对未来的积极看法。"
flower,花,"植物的一部分，通常颜色鲜艳，形状美丽，用于开花并结种子。"
clothe,穿衣；给…穿衣,"指穿上衣服；也指给（某人）穿上衣服。"
strange,奇怪的；陌生的,"不寻常的、出乎意料的或难以理解的；不熟悉的人或地方。"
gone,走了；离开；过去,"指某人或某物已不在原地；指时间或机会已溜走或消失。"
jump,跳；跳跃,"用脚使身体突然向上或向前移动，离开地面。"
baby,婴儿；宝贝,"指出生不久的孩子；也可用作对亲密的人的爱称。"
eight,八,"数字，介于七和九之间。"
village,村庄；乡村,"指由房屋组成的较小聚居地，通常在农村地区。"
meet,遇见；开会,"指与某人首次相识或依照约定会面；也指人们聚集在一起讨论或做某事。"
root,根,"植物的地下部分，用于固定植物和吸收水分养分；事物的起源或基础。"
buy,买,"用钱换取商品或服务。"
raise,提高；举起；抚养,使位置更高；向上移动物体；养育孩子或动物。
solve,解决；解答,"找到问题的答案或克服困难。"
metal,金属,"一种坚硬、有光泽的材料，通常能导电导热。"
whether,是否；是不是,"用于引出疑问，表示选择、不确定或可能性。"
push,推；按,"用力向前或向旁边移动（某物）；按下（按钮等）。"
seven,七,"表示数字“7”。"
paragraph,段落,"文章或书籍中相对独立的、由一个或多个句子组成的部分，通常围绕一个主要思想。"
third,第三,"表示顺序上的第三个，排在第二之后。"
shall,将要；必须,"表示将来可能发生或被期望发生的事情；在正式场合表示某种义务或规定。"
held,举行；抓住,过去式和过去分词，表示“拿着”、“举行”或“保持”的状态。
hair,头发；毛发,"人和哺乳动物生长在头皮或身体其他部位的细丝状物质。"
describe,描述；形容,"用语言说明某人或某物的特征、外观或性质。"
cook,做饭；烹饪,指通过加热准备食物的过程。
floor,地板；层,"建筑物内部的平面部分，供人行走或放置物品；指一层楼。"
either,要么；或者；两者之一,"用于连接两个或多个选择（例如 '要么这个，要么那个'）；或指两者中的任意一个。"
result,结果；导致,"指某个行动、事件或情况所造成的终点或影响；也可用作动词，表示引起或导致某事的发生。"
burn,燃烧；烧伤,"通过火或热损坏或摧毁；被火、热或化学物质损害。"
hill,小山；山丘,"比山小，比平地高出许多的自然地形。"
safe,安全的；保险箱,"没有危险、受到保护的状态；一个用来存放贵重物品的坚固上锁的盒子。"
cat,猫,"一种常见的驯养动物，通常有皮毛和尾巴，有时被当作宠物。"
century,世纪,一百年的时期。
consider,考虑；认为,"仔细思考；觉得（某人或某事）是某种情况。"
type,类型；打字,"表示类别、种类；用键盘输入文字。"
law,法律；法规,"国家制定或认可的社会行为规范的总称。"
bit,一点点；少量,"非常小的数量或部分；计算机中最小的信息单位。"
coast,海岸；沿海,"陆地与海洋相接的地方；靠近海边或沿海的区域。"
copy,复制；副本,"模仿某物或制作其相同版本；某物的复制品。"
phrase,短语,"由两个或更多词组成的单元，在语法上像一个独立的成分，但不是一个完整的句子。"
silent,沉默的；寂静的,"指没有声音的；不说话或没有发出声音的。"
tall,高的,"形容人、动物或物体的高度超过一般水平。"
sand,沙子,由岩石碎裂成的细小颗粒，通常在海滩、沙漠或河流中发现。
soil,土壤；泥土,"地球表面由矿物质和有机物组成的松散层，用于种植植物。"
roll,卷；滚动,"指物体围绕轴心旋转；也可以指将某物卷起来，如纸张。"
temperature,温度,"表示物体的冷热程度；衡量热能的量度。"
finger,手指,"人体手掌前端的细长部分，通常有五个。"
industry,工业；行业,"指制造商品或提供服务的系统性活动；也可指某个特定的经济领域。"
value,价值；重视,"指某物因其重要性或有用性而拥有的属性或重要程度；也指认为某人或某事物很重要并给予高度评价。"
fight,打架；斗争,"表示为击败或控制某人或某事而使用武力；也可表示为争取某事而努力。"
lie,说谎；躺,"说谎指故意说不真实的话；躺指身体平放。"
beat,打败；击败；跳动,"在比赛或竞争中获胜；心脏的跳动。"
excite,激动；兴奋,"使某人感到非常开心或兴奋；激发（情感或感觉）。"
natural,自然的；天然的,"指存在于自然界，未经人工干预或改造的；也可指天生的、不做作的。"
view,看；看法,"指看见、看作或观察到；也指对事物的意见或观点。"
sense,感觉；意义,"一种身体或心理的感受能力，如视、听、嗅、味、触觉；事物所隐含的意义或道理。"
ear,耳朵,"听觉器官。"
else,其他；别的,"表示除了提到的以外的人、事物或情况。"
quite,相当；很,"程度上接近完全或很高，但不完全（例如 '相当不错'）；也可以表示完全或非常（通常带有强调语气，例如 '相当确定'）。"
broke,破产；身无分文的,"指没有钱了，尤其是由于债务或财务困难；也指没有钱；穷困。"
case,情况；案件；箱子,"指特定的事件、情形或情况；也可指法律上的诉讼或案件；还可以指用于存放或携带物品的容器。"
middle,中间；当中,"位于（某物或某时期）中心位置；平均的。"
kill,杀死；扼杀,使停止生命；终止；破坏
son,儿子,男性后代；男孩。
lake,湖,"大的内陆水体，被陆地包围。"
moment,时刻；瞬间,"指非常短的时间；也可指重要的或特定的时间点。"
scale,规模；刻度；磅秤；鳞,"指事物的大小、范围或程度；指尺子或测量工具上的标记；指称重量的设备；指动物的鳞片。"
loud,响亮的；大声的,"指发出非常大或容易听到的声音；也可以指颜色鲜艳或引人注目。"
spring,春天；春天,"四季之一，位于冬季之后、夏季之前；也指弹性物体或突然的跳跃或运动。"
observe,观察；遵守,"仔细地看或注意到某事物；按照某事物（如法律、习俗）行事。"
child,孩子；儿童,"指未成年的人。"
straight,直的；笔直的,"形容不弯曲或不倾斜的状态；也指坦率的、没有隐瞒的。"
consonant,辅音,"发音时声带受到部分或完全阻碍的音。"
nation,国家；民族,"指由同一政府统治的一块土地及其人民；也指具有共同文化、历史或语言的人群。"
dictionary,词典；字典,"一本列出词语及其含义、用法等的书。"
milk,牛奶；挤奶,"一种白色的液体，哺育动物的乳腺分泌；从乳腺中取出牛奶的行为。"
speed,速度,"物体移动得快慢；进展的快慢。"
method,方法；办法,"指做某事的方式、程序或体系。"
organ,器官；管风琴,"人体或动物体内具有特定功能的部位，如心脏或肺；一种大型的键盘乐器，通过空气吹过管子发声。"
pay,支付；付款,"为某物或某事付出金钱；支付债务或欠款。"
age,年龄；变老,"指人或事物存在的时间长短；也指经历时间而变老或成熟。"
section,部分；章节,整体中的一个部分或片段；书籍、文件或其他材料中的一个章节。
dress,连衣裙；穿衣,"一种通常由上衣裙子组成的女性服装；穿上衣服或服装。"
cloud,云,空气中由水滴或冰晶形成的 visible mass (visible mass)。
surprise,惊喜；出乎预料,"指突然发生的、令人吃惊或意外的事情，可以是好的（惊喜）或不好的。"
quiet,安静；寂静,表示缺少声音或声音很小；也指某地或某人不吵闹的。
stone,石头,"一种坚硬的、由矿物质组成的天然物体；也可指用于建筑或其他用途的石料块。"
tiny,极小的；微小的,"表示体积、大小非常小。"
climb,爬；攀登,"用手和脚向上移动，尤其是在陡峭或困难的表面上，例如山或墙。"
cool,酷；凉快的,"表示低温度但不是冷（例如 '凉快的天气'）；表示时尚、时髦或令人印象深刻（例如 '他看起来很酷'）；也可用作感叹词表示同意或赞同。"
design,设计,"创造新的东西或计划其如何运作或看起来。"
poor,贫穷的；可怜的,"指财产匮乏，没有钱或资源；也可指不幸的或值得同情的人或事物。"
lot,许多；很多,"表示大量的或很多数量。"
experiment,实验；试验,"为了验证假设或探索未知而在受控条件下进行的过程或活动。"
bottom,底部；屁股,"物体或空间的最低部分；人类或动物的臀部。"
key,钥匙；关键,"用于开锁的金属或塑料工具；比喻重要、解决问题的因素或线索。"
iron,铁,"一种常用金属元素，符号是Fe，坚硬，银白色；也指熨斗，用来熨烫衣服。"
single,单一的；单个的；单身的,"表示只有一个，不是多个；表示未婚或无伴侣的。"
stick,棍子；棒；枝；粘住,一种细长的木头或其他材料的物体，例如树枝；也指将物体附着或固定在另一个物体上。
flat,平的；公寓房；平底鞋,"形容词表示表面平整或没有高低起伏；名词指一套完整的由多个房间组成的住房单元，通常位于较大的建筑内；名词也可指没有高跟的鞋子。"
twenty,二十,"数字，表示20。"
skin,皮肤,"覆盖在人或动物身体表面的一层组织。"
smile,微笑；笑容,"表示高兴、友好或愉快时的面部表情。"
crease,折痕；褶子,"物体表面因折叠或挤压形成的线状痕迹；衣服、布料等上的永久性褶纹。"
hole,洞；孔,"物体或表面上的空隙；地面上的坑。"
trade,贸易；交易,"买卖货物或服务；交换某物以换取其他东西。"
melody,旋律；曲调,"由一系列音符组成，按照特定的顺序和节奏排列，形成一段音乐。"
trip,旅行；绊倒,"指外出到某个地方再返回的过程；也指在行走时被物体绊住而失去平衡。"
office,办公室,履行职责或提供服务的场所；公司的办公地点。
receive,收到；接到,"表示接收或取得某物或信息，例如收到礼物或信件。"
row,行；划船,"指一排人或物；也指用浆划船前进的动作。"
mouth,嘴；口,"人体面部用于吃、说话和呼吸的器官。"
exact,精确的；确切的,"表示非常准确、没有错误的；与事实完全相符的。"
symbol,符号；象征,"代表某种意义、思想或事物的图形、文字或物体。"
die,死；死亡,"表示停止生命活动，不再活着；也可以指停止运作或结束。"
least,最少；最不,"表示数量、程度或重要性最低的，与 '最多' 相对。"
trouble,麻烦；烦恼,"指困难、问题或令人烦心的事；也可指使得事情复杂的行为。"
shout,大喊；叫喊,"用非常大的声音说话或发出声音，通常是表达愤怒、兴奋或为了吸引注意力。"
except,除了,"表示排除或不包括某个事物、人或情况。"
wrote,写了,"'write' 的过去式，表示在过去某个时间完成了书写动作。"
seed,种子,"植物的胚胎，通常包含贮存的食物，可以生长成新植物。"
tone,音；语气,声音的高低或语气的强弱，能传达情感或意义。
join,加入；参加,"表示加入一个团体、组织或活动；也可指连接或联合在一起。"
suggest,建议；暗示,"提出意见或想法供人考虑；间接表示或联想到某事。"
clean,干净；清洁,"指没有污垢、杂物或污染；使某物变得干净。"
break,打破；休息,"使某物成为碎片或不再完整；暂停活动以便放松或休息。"
lady,女士；夫人,"对女性的一种礼貌称呼；也可指贵族的、高贵的女性。"
yard,院子；码,"房屋或建筑物周围的一块空地；英语长度单位，等于三英尺或约91.4厘米。"
rise,升高；上涨；上升,"表示向上移动；数量或程度增加；太阳、月亮等的出现。"
bad,坏的；拙劣的；差的,"表示不好、不令人满意、质量差或不道德的。"
blow,吹；打击,"用嘴或风把气流送出；指一次有力的碰撞或打击。"
oil,油,"一种液体脂肪，常用于烹饪、润滑或作为燃料。"
blood,血,"动物或人血管中流动的红色液体。"
touch,触摸；触碰,"用手或其他身体部分接触某物；指感觉、联系或感动。"
grew,生长；增长,"是动词 grow 的过去式，表示过去发生‘生长’或‘增长’的行为。"
cent,美分,货币单位，等于百分之一美元。
mix,混合；混合物,"将不同事物放在一起变成一个整体；指混合后的东西。"
team,队；团队,"指一起工作或比赛的一群人。"
wire,电线；金属丝,"用来导电或传递信号的金属线；也指细长的金属条。"
cost,花费；成本,"指为某物付出的价钱或达到某事所需的代价（例如金钱、时间或精力）。"
lost,失去的；迷路的,"表示某物找不到了，不再拥有；或者表示找不到路或方向。"
brown,褐色；棕色,"一种颜色，介于红色和黄色之间，像泥土或巧克力。"
wear,穿；戴；穿着,"表示把衣服、鞋子、饰品等放在身上；指穿着或戴着某种物品的状态。"
garden,花园；园林,"通常指种植花卉、蔬菜或其他植物的户外区域，常用于休闲或观赏。"
equal,平等的；相等；等于,"表示数量、大小、价值、地位等相同或相等；也可以指能够或应该得到同样的机会或待遇。"
sent,发送；寄送,"'send' 的过去式和过去分词，表示将某物从一个地方传送到另一个地方，如寄信或发送文件。"
choose,选择；挑选,"从多个选项中决定要哪一个；挑选出来。"
fell,倒下；落下,"表示失去平衡，向下跌倒；也指从高处落下来。"
fit,合身；适合；健康的,"指衣物穿在身上大小正好；指某物或某事与另一物或事相配或合适；也可指身体健康。"
flow,流动；流出,"表示液体、气体或其他物质连续不断地向前移动或通过；也可指某种事物平稳或顺利地移动。"
fair,公平的；展览会,"公正；合理；或指大型的商品展览或娱乐活动。"
bank,银行；堤,"保管钱财或其他贵重物品的金融机构；河岸或湖泊的边缘。"
collect,收集；采集,"把分散的事物聚集到一起；蓄积，积攒。"
save,救；保存,"使某人或某物脱离危险；把数据或文件存到计算机里。"
control,控制,"指管理、指挥或影响某人或某事物，使其按照预定的方式运作。"
decimal,十进制的；小数的,基于十的数学系统；表示小于一的数值。
gentle,温柔的；轻柔的,"表示性格温和、善良、不高高在上；也可指动作轻缓、不粗暴。"
woman,女人；妇女,"一个成年女性人类。"
captain,船长；队长,"船、飞机或船员中的指挥者；运动队或其他团队的领导者。"
practice,练习；实践,"指为提高技能或熟练程度而反复做某事；也指将理论应用于实际行动。"
separate,分开；单独的,"表示将原本连接或在一起的人或事物分成不同的部分；也指彼此独立的。"
difficult,困难的；难的,"指不容易做、理解或通过的事情或问题。"
doctor,医生,治疗病人或动物的专业人士。
please,请,"表示请求、礼貌或强调，常用来使句子更客气或更有力。"
protect,保护,使其免受伤害或危险。
noon,中午,"一天的中间，大约是白天12点。"
whose,谁的,"疑问限定词或代词，用来询问某人拥有、属于或由某人做的事物。"
locate,定位；找出,"表示找到某物或某人的位置；也可以表示建立或设置在某处。"
ring,戒指；响；圈,"戴在手指上的环状饰物；声音发出或回响，尤其指电话响铃的声音；圆形或环状物。"
character,性格；角色；汉字,"指一个人的个性、品质或品德；也指戏剧、小说或电影中的人物；方块字，中文书写单位。"
insect,昆虫,"一种小动物，通常有六条腿和翅膀，例如蚊子、苍蝇或蜜蜂。"
caught,抓住了；被抓住,"动词 catch 的过去式和过去分词，表示成功抓住某物或某人；也指被发现或陷入某种情况。"
period,时期；句号,"指一段时间；也指用于句子末尾表示结束的标点符号。"
indicate,表示；指出,"显示或表明某事物存在或属实；指向或提及某事物。"
radio,收音机；广播,"一种接收无线电波并将其转换成声音的设备；通过无线电波传送声音信息（如新闻、音乐等）的服务或节目。"
spoke,辐条；说话（speak 的过去式）,轮子连接中心和边缘的每一根杆；表示过去说了什么（动词 speak 的过去式）。
atom,原子,"物质的最小基本组成单位，无法通过化学方法再分割。"
human,人类；人,"指智人这个物种或属于这个物种的个体。"
history,历史,研究过去事件的学科；指过去发生的一切事情。
effect,影响；结果,"指某事物所产生的作用、后果或影响。"
electric,电的；电动的,"指与电有关的或由电驱动的。"
expect,期待；预料,"认为某事很可能发生或到来；等待某事物的发生。"
crop,作物；庄稼,"指种植用于收获的植物，如谷物、蔬菜或水果；也可指一次收获的数量。"
modern,现代的；近代的,"指当前时代或最近的时代；也指与过去不同或先进的事物。"
element,元素；成分,"指构成物质的基本成分，或某个整体中的一部分。"
hit,击中；打；袭击,"用手或物体快速用力触碰某物；也指突然、猛烈的攻击。"
student,学生,学习的人，尤其是在学校或大学里学习的人。
corner,角落；街角,"指两个墙壁、边或表面的交界处，形成一个内角或外角；也指两条街相交的地方。"
party,聚会；政党,"指为了娱乐或庆祝而聚集在一起的人们；也可以指政治组织。"
supply,供应,提供某人或某物所需的东西；存货。
bone,骨头,人或动物身体内部的坚硬组织。
rail,铁路；铁轨,"一种交通系统，使用铺设在路基上的两根平行钢轨；也指这些钢轨本身。"
imagine,想象；设想,"在头脑中形成图像或想法，通常是关于未发生或不存在的事物；凭空构思。"
provide,提供；供给,"给出、赋予、预备好或使得某物可用或能被使用。"
agree,同意,"对某事表示肯定或赞成；与某人在想法上一致。"
thus,因此；所以,"表示结论，说明结果或推论。"
capital,首都；资本,"一个国家的政府所在地城市；用于指金钱、财产或资源，特别是用于投资或商业。"
won't,将不；不会,"is 'will not' 的缩写，表示将来不会发生的事情或将来的否定。"
chair,椅子,"一种有靠背的、供人坐的家具。"
danger,危险,"指可能受到伤害、损害或面临不安全状况的情况。"
fruit,水果,"植物的果实，种子生长在其中或附近，通常可以食用。"
rich,富有的；有钱的,"形容人拥有大量金钱、财产或其他有价值的东西；也形容富饶的、充足的。"
thick,厚的；浓的；密集的,形容物体有较大的厚度；形容液体或气体浓稠；形容物体很多且紧密地排列在一起。
soldier,士兵,"在军队中服役并接受训练以进行战斗的人。"
process,过程；处理,"指一系列动作或步骤，旨在达到特定结果；也可指处理或加工某物。"
operate,操作；运转,"控制机器、设备或系统使其工作；指组织或企业按照某种方式运作、经营。"
guess,猜；猜测,"试图对未知的事情做出判断或给出答案，通常没有绝对的把握。"
necessary,必要的；必须的,"指为了达到某个目的或结果而不可缺少、非有不可的事情或条件。"
sharp,锋利的；尖锐的；急剧的；敏锐的,"形容物体有尖的边缘或末端，容易切割或刺穿；形容变化快速或明显；形容感觉、智力或视力敏锐。"
wing,翅膀,鸟类、昆虫或蝙蝠等动物用于飞行的身体部位。
create,创造；创建,"使某物存在；设计并制造出新的东西。"
neighbor,邻居,"住在附近的人。"
wash,洗,"用水或其他液体清洁（某物）；也可指洗衣服或其他物品。"
bat,蝙蝠；球拍；蝙蝠棍,"一种夜间飞行的哺乳动物；用来击球的运动器材；一种用作武器的短棍。"
rather,宁愿；颇；相当,"表示宁愿做某事（例如 '宁愿去'）；表示程度（例如 '相当好'）。"
crowd,人群；群众,"表示许多人聚集在一起，尤指数量很多且拥挤的情况。"
corn,玉米,"一种谷物，通常呈黄色，长在玉米穗上，可食用。"
compare,比较,找出不同或相似之处的行为；权衡或评估。
poem,诗,"文学的一种形式，通常有韵律和节奏，表达情感或想法。"
string,绳子；一串,"由细线、纤维拧成的长条，用于捆绑、拉动或连接；也可以指一系列相关的物品或事件。"
bell,铃；钟,"一种发出响声的金属物体，通常呈杯形，内部有钟舌；由撞击发出的声音。"
depend,依靠；取决于,"表示依赖某人或某物；表示某事的结果由另一件事决定。"
meat,肉,"人和动物的肌肉和脂肪，通常用作食物。"
rub,擦；揉,"用手或其他东西在表面上来回移动；按摩或揉搓身体部位。"
tube,管子；地铁,"圆柱形的中空物体，常用于传输流体或气体；在英国指地下铁路。"
famous,有名的；著名的,"表示广为人知且常被谈论的。"
dollar,美元,一种西方国家的货币单位，尤指美国、加拿大和澳大利亚的货币。
stream,溪流；流动,"指狭小的水源，通常比河流小；也可指连续不断的移动或流动（例如 '信息流'）。"
fear,害怕；恐惧,"一种由危险或威胁引起的令人不快的强烈情感。"
sight,视力；景象,"指看见东西的能力；也指看到的事物或景色。"
thin,薄；瘦,"表示物体或材料的厚度很小；也指人或动物不胖，肌肉不发达。"
triangle,三角形,"一种有三条边和三个角的平面图形。"
planet,行星,"一种环绕恒星运行，自身没有光，体积足够大以清除其轨道附近的其他天体的天体。"
hurry,匆忙；赶紧,"表示行动快速或急于完成某事。"
chief,首要的；首领,"指最重要的、主要的；或指团体的领导者。"
colony,殖民地,"由另一国家统治的特定区域或一群生活在海外并受其母国统治的人。"
clock,时钟,"一种显示时间的装置，通常有指针和刻度。"
mine,我的；矿,"表示属于我的东西；也指埋在地下的煤、金属或宝石等；还可以指在地下挖矿。"
tie,系；领带,"表示用绳子、带子等将物体连接或固定；也指男士佩戴在衬衫领子下的装饰品。"
enter,进入；输入,通过门或入口进入一个地方；将信息或数据输入到计算机或系统中。
major,主要的；重大的,"指重要的、主要的或显著的；在大学里指主修的科目或专业。"
fresh,新鲜的；清新的,"表示刚生产出来或采摘，没有变质的；也表示空气或感觉洁净、凉爽。"
search,搜索；寻找,"努力找到人或物；在某处仔细寻找。"
send,发送；寄送,"将某物从一个地方通过邮件、快递或电子方式送到另一个地方。"
yellow,黄；黄色的,"像阳光或柠檬一样的颜色；通常指这种颜色或具有这种颜色的事物。"
gun,枪,"一种发射子弹或其他投射物的武器。"
allow,允许；让,"准许或授权某人做某事；同意某事发生。"
print,打印；印刷,"在纸上或其他材料上用墨水或其他物质留下文字、图像或标记；通常指使用打印机或印刷机进行的操作。"
dead,死的；死亡的,"表示没有生命，不再活着；指已经去世或不再运作的。"
spot,地点；景点；斑点,"表示某个特定的位置或地方；也指皮肤或表面上的小块痕迹或颜色差异。"
desert,沙漠；抛弃,"一片很少或没有植物生长的干旱土地；动词，表示放弃或抛弃某人或某事，尤其是在需要帮助时。"
suit,西装,"一种正式服装，通常包括夹克和裤子或裙子，为同一面料制成。"
current,当前的；电流,"指当前正在发生或存在的；指电荷的流动。"
lift,举起；提升；电梯,"向上移动（某物或某人）；增加或提高某物；一种向上移动人或物的机器或装置，通常在建筑物内使用。"
rose,玫瑰花；蔷薇科植物,一种带有刺且通常开着红色或粉色花的植物，常用于表达爱意或欣赏。
continue,继续；持续,"表示某事没有停止，而是保持进行或存在的状态；表示在中断后恢复。"
block,块；街区；阻碍,表示一块坚实的材料；城市中的一个区域，由街道环绕；或指阻止或妨碍某事发生。
chart,图表；图样,"一种以图形方式表示信息或数据的图或表格；也可以指纸做的地图。"
hat,帽子,"一种戴在头上的物品，用于保暖、遮阳或装饰。"
sell,卖,"以金钱或其他物品换取商品或服务。"
success,成功,"达到预期目标或结果的状态；指某件事情取得了好的结果。"
company,公司；陪伴,"指为了商业或经济目的而联合起来的团体或组织；也指陪伴或在一起。"
subtract,减；减去,"从一个数中去掉另一个数。"
event,事件；活动,"指发生的事情；或指经过策划、有组织进行的活动。"
particular,特定的；特别的,"表示某个具体的、非普遍的；表示不同寻常或值得注意的。"
deal,交易；处理,"指商业上的买卖行为或协议；也指处理或解决问题。"
swim,游泳,"在水中用身体移动的行为。"
term,术语；定期,"指一个在某一领域有特定含义的词语或短语；指一段时间或任期。"
opposite,相反的；对面,表示与某物完全不同或相对；指某物在另一物的对面。
wife,妻子；太太,"已婚的女性，指一个人的配偶。"
shoe,鞋,"用来保护和支撑脚的物品， обычно由皮革、布料或其他材料制成，穿在脚上。"
shoulder,肩膀；肩部,"人体躯干与手臂相连的部分。"
spread,传播；蔓延；涂抹,"表示东西向外扩散、散开；也指病毒、信息等扩散；还指将酱料等涂在表面上。"
arrange,安排；整理,"使事情有条理或按计划进行；整理物品使它们整齐有序。"
camp,露营；营地,"指在帐篷或户外住宿的场所或活动；也可指为了特定目的而聚集在一起的团体场所或聚集的人们。"
invent,发明；创造,"创造出前所未有的新事物、新方法或新机器等。"
cotton,棉花,"一种植物，其棉絮常用作纺织原料。"
born,出生,"指来到人世或产生；通常用于被动语态。"
determine,确定；决定,"找出真相或事实；做出选择或决定。"
quart,夸脱,"一种容量单位，等于四分之一加仑，在美国约等于0.946升，英国约等于1.136升。"
nine,九,"表示数字9，是8加1的结果。"
truck,卡车；运货汽车,"一种大型的、通常用来运载货物的机动车辆。"
noise,噪音；响声,"表示令人不悦的或响亮的声音。"
level,水平；等级,"表示事物的高低程度或所处的位置；也指程度、标准或级别。"
chance,机会,"成功的可能性；碰运气的机会。"
gather,收集；聚集,"将分散的人或物集中起来；人们为了特定目的而聚在一起。"
shop,商店；购物,"一个出售商品的场所；进行购买的行为。"
stretch,伸展；拉长,"使变长或变宽；舒展身体部位（例如手臂或腿）。"
throw,扔；抛,"用手快速有力地将某物移动到远处；以特定的方式移动身体部位。"
shine,发光；照耀,"发出或反射光线；用光照射。"
property,财产；房产,"拥有或属于某人的东西，尤其是土地或建筑物。"
column,列；柱,"指表格中的垂直部分（如电子表格中的列）；也指建筑物中起支撑作用的垂直构件。"
molecule,分子,"物质的最小单位，由原子组成并保持物质的化学性质。"
select,选择；挑选,"从多个选项中决定或选取一个或多个。"
wrong,错；错误的,"表示不正确、有缺点或偏离事实或标准的。"
gray,灰色,表示颜色的词，介于黑色和白色之间。
repeat,重复,"再次做或说某事；同样的事情再次发生。"
require,需要；要求,"表示必须拥有或做某事；表示强制性的需求或规定。"
broad,宽广的；广泛的,"表示面积很宽或范围很大；也指事物涉及的范围广泛。"
prepare,准备,"为将要发生的事情或活动做安排或预备。"
salt,盐,"一种白色的晶体物质，主要成分是氯化钠，常用于烹饪以增加食物的味道或作为防腐剂。"
nose,鼻子,"面部中央突出的用来闻和呼吸的器官。"
plural,复数,"表示不止一个（适用于名词和动词）的语法形式。"
anger,愤怒；生气,"一种强烈的不愉快情绪，通常由受到伤害或不满引起。"
claim,声称；索赔,"表示断言某事属实，尤指未经证实；或表示要求获得某物作为自己的权利（如钱或财产）。"
continent,洲；大陆,"指地球上非常大的陆地块，如亚洲、欧洲、非洲等。"
oxygen,氧气,"一种没有颜色、没有气味的气体，是空气的主要成分之一，对生物生存非常重要。"
sugar,糖,"一种甜味、通常由植物提取的物质，用于食物和饮料中，例如加在咖啡或茶里。"
death,死亡；去世,"生命的终结；不再活着的状态。"
pretty,漂亮；相当,"表示外表美观、可爱的；也可表示程度，意思是“相当、颇为”。"
skill,技能；技巧,"熟练完成某项任务的能力或本领。"
women,女人；妇女,"成年女性；一个或多个成年女性。"
season,季节,一年中的一个时期，通常因为天气或气候而有所不同，例如春、夏、秋、冬。
solution,解决办法；溶液,"指解决问题的方法或答案；也指两种或多种物质混合后形成的均匀的液体。"
magnet,磁铁,一种能够吸引含铁物质的物体。
silver,银,"一种光亮的白色贵金属；也指用这种金属制成的物品或颜色。"
thank,谢谢；感谢,"表示对帮助或好意的回应；表示对某人或某事的感激之情。"
branch,树枝；分公司；分支机构,"植物主干或大枝上长出的小枝；公司或组织在其他地方的分支或办事处；学科或领域的不同部分。"
match,匹配；比赛,"表示两个人或事物相符或和谐；也指体育运动中的竞争性比赛。"
suffix,后缀,"加在词尾，改变词的意义或词性的一部分。"
especially,尤其；特别,"用于强调某事特别突出或与众不同。"
fig,无花果,"一种软的、甜的果实，里面有很多小种子。"
afraid,害怕；恐怕,"感到恐惧、担心或胆怯；也可表示担心事情会发生（例如 '恐怕要下雨了'）。"
huge,巨大的；庞大的,"指非常大、非常巨大或规模宏大的。"
sister,姐妹；姐姐；妹妹,"同父母所生的女性；年纪比自己大的称姐姐，比自己小的称妹妹。"
steel,钢；钢铁,"一种坚硬、坚固的合金，主要由铁和碳组成，常用于建造、制造工具等。"
discuss,讨论,"指两人或多于两人就某个问题或话题交换意见或观点。"
forward,向前；转寄,"朝着前面的方向；把信件或信息发送给另一个人。"
similar,相似的；类似的,"表示事物之间具有共同的特征、属性或外观，但不完全相同。"
guide,引导；向导,"指带领或指导某人去某个地方或做某事；也指提供指导或建议的人或物。"
experience,经历；经验,"指亲身参与或感受某事的过程；也指从过去发生的事情中获得的知识或技能。"
score,分数；得分；比分,记录或取得的点数，尤其在比赛中；也可指测试或考试的成绩。
apple,苹果,"一种圆形的水果，通常红色或绿色，内部多汁、白色。"
bought,买；购买,"'buy' 的过去式和过去分词，表示已经完成购买的行为。"
led,led,"指铅笔内部的石墨芯；也指一种发光二极管，常用于照明。"
pitch,投；音高；沥青,"（作为动词）投掷、抛出；（作为名词）声音的音高或高低；一种黑色、粘稠的物质。"
coat,外套；大衣,"穿在外面的衣服，用来保暖或防护。"
mass,质量；块；团,"表示物体的数量或大小；指一大块或一团东西；在科学中特指物体所含物质的量。"
card,卡片；纸牌,"一种小的、通常为矩形、用厚纸或塑料制成的薄片，常用于游戏、标识或信息。"
band,乐队；带,"由一群乐手组成的音乐团体；指狭长的织物、纸张或其他材料条。"
rope,绳子；索,"由许多股纤维或线拧成的粗索，用于捆绑、拉拽或悬挂物体。"
slip,滑倒；溜走,"表示失去平衡而突然跌倒；也表示秘密地、不被注意地离开或移动。"
win,赢；获胜,"通过竞赛、努力或战斗取得胜利。"
dream,梦；梦想,"指在睡眠中出现在脑海里的图像、声音或感觉；也可以指希望实现的事情或理想。"
evening,晚上,"一天中太阳落山到睡觉前的一段时间。"
condition,条件；状况,"指事物存在或进行所必需的因素或情况；也指人或事物的状态或情况。"
feed,喂；饲养；给予,"表示给人类、动物或植物食物；也可以表示供给或提供某物。"
tool,工具,"用于执行特定任务的物品，可以是手工的或机械的。"
total,总计；全部,"表示整体的数量或数目；表示完全的、彻底的。"
basic,基本的；初级的,"指最简单、构成基础的部分或知识；指处于开始阶段、不复杂的。"
smell,闻；气味,"用鼻子感知（气味）；一种通过鼻子感知到的特性或芳香。"
valley,山谷；谷地,"两座山之间低洼的长条形区域。"
nor,也不；也没,"用于连接两个否定的句子或短语，表示两者都不真实或都不发生。"
double,双；双重的,"表示数量或性质是原有的两倍；也可以指两个相同或相似的事物组成的。"
seat,座位,"供人坐的地方；椅子或长椅。"
arrive,到达；抵达,"指人或物到达某个地方。"
master,大师；师傅,"指在某领域技艺精湛、经验丰富的人；也指旧时授艺的老师。"
track,轨道；跟踪,"指火车或赛车行驶的道路；也可指追踪或监测人、动物或事物的行踪。"
parent,父母,"指父亲或母亲，或两者；养育孩子的人。"
shore,岸；海岸,"指陆地与大片水域（如海洋、湖泊）交界的地方。"
division,部门；分歧；除法,"指组织或群体的特定部分；意见或立场的不同；数学中的除运算。"
sheet,床单；纸,"一块用于盖在床上的布；薄而平的一大片纸张。"
substance,物质；实质,"构成事物的基础；事物的内在内容或本质。"
favor,恩惠；偏爱,"表示给予的帮助或善意行为；也指对某物的偏向或特别喜爱。"
connect,连接；连通,"将两个或更多事物物理或逻辑地连接在一起，使它们能够互动或沟通。"
post,邮寄；职位,"表示通过邮政服务发送信件或包裹；或指工作职位。"
spend,花费；度过,"表示用钱购买东西或支付服务；也表示花时间做某事或在某个地方。"
chord,和弦,"在音乐中，两个或多个音符同时发声的组合。"
fat,胖的；脂肪,"表示身体有较多脂肪，体重超过正常水平；也指动物或植物体内的油性物质。"
glad,高兴的；乐意的,"表示感到快乐、愉快；也表示乐意做某事或某样事情。"
original,原来的；最早的,"表示最初的、原始的，未被改变或复制的；也指新颖独特的。"
share,分享；分担,"将某物（如食物、信息）与他人共享；与他人共同承担某事物（如责任、费用）。"
station,车站；站,"公共交通工具停靠的地方，乘客上下车。"
dad,爸爸；父亲,"对父亲的称呼。"
bread,面包,"一种由面粉和水烘烤而成的食物，是主食之一。"
charge,收费；指控；充电,"表示索要金钱以提供服务或商品；表示正式指责某人犯错或犯罪；表示为电池或其他设备提供电力。"
proper,适当的；正确的,"表示符合规矩、要求或标准的；也可以指正确无误的。"
bar,酒吧；栅栏,"a long counter to serve drinks or food; a long piece of metal or wood, often used as a barrier or to prevent entry."
offer,提供；提供,"表示提出或给予某物供人接受或考虑；也可指提出做某事。"
segment,段；部分,"表示整体中的一部分，常指长度或区域的划分；也可指节段或切片。"
slave,奴隶,"一个被迫为另一个人工作，没有自由的人；受人控制或支配的人。"
duck,鸭子,一种水鸟，有短腿、长脖子和扁平的嘴，常在水边生活。
instant,瞬间；立即的,"指很短的时间；或形容事情马上发生或完成。"
market,市场；市集,"买卖商品或服务的地方；指某类商品或服务的需求。"
degree,度；程度,"表示测量角度、温度或其他量的单位；也指事情的程度或水平。"
populate,居住于；填充,"表示居住在某地；表示填充数字或信息到某个区域。"
chick,小鸡；雏鸟,"指刚孵化出来的鸟，尤指鸡；也可指年轻的女性（非正式）。"
dear,亲爱的；昂贵的,用于称呼或表示喜爱的人；或指价格很高。
enemy,敌人,"指与某人或某国为敌的人或群体。"
reply,回复；回答,"对问题、信件或陈述给出口头或书面回应。"
drink,喝；饮料,"指饮用液体；也可指供饮用的液体，如水、牛奶或果汁。"
occur,发生；出现,"表示事件、情况或现象的实际发生或出现。"
support,支持；支撑,"帮助某人或某事，使其能够运作、持续或成功；提供物理上的支撑。"
speech,说话；演讲,口头表达；在公众面前进行的正式讲话。
nature,自然；大自然,"指世界上所有的事物，除了人类制造的；也可指某人或某物的基本特征。"
range,范围；射程,"表示事物变化的界限或区域；也可指武器的射程。"
steam,蒸汽；蒸气,"水加热至沸点时产生的气体；也可指利用蒸汽烹饪或加热。"
motion,运动；移动,"改变位置或姿势的过程；物理上的移动。"
path,路径；小路,"一条线或一个方向，通常是走出来的或计划好的，连接两个地方。"
liquid,液体,"一种状态，不像固体那样有固定形状，也不像气体那样分散，可以流动。"
log,日志；原木,"表示事件的记录，尤指在计算机系统或旅程中的记录；也可以指被砍伐的粗树干。"
meant,意指；意思是,"指（某人或物）表达或传达某个意思；指原意或本意。"
quotient,商,"数学中，一个数被另一个数除后得到的结果。"
teeth,牙齿,"指人类或其他动物嘴里用来咀嚼食物的硬的白色结构（单数的复数形式）。"
shell,壳；贝壳,"动物（如蜗牛或乌龟）身体外面坚硬的覆盖物；特别指海边找到的空贝类动物外壳。"
neck,脖子；颈,"连接头部和身体的部分。"
