english_word,native_translation,definition_ja
the,その; あの,"定冠詞。特定の、または既に話題に出た人や物を指す名詞の前に置かれる。"
of,〜の; 〜に関する,"所有、関連、または構成要素を示す前置詞。"
to,に; へ; まで,"方向や到達点、目的を示す前置詞、または不定詞を作るのに使われる語。"
and,と; そして; 並びに,"二つ以上の単語、句、または文をつなぐために使う言葉。"
a,一つの; ある,"不定冠詞。特定の人物や物ではなく、一般的な一つを指す名詞の前に置かれる。"
in,〜の中に; 〜で,"場所（時間や空間）、状態、または内部への動きを示す。"
is,〜です; 〜にある,"be動詞の現在形。主語が三人称単数で現在である場合に使い、状態や存在を示す。"
it,それ,"特定の物、事態、または既に述べられたことを指す代名詞。人を含まない場合に使われることが多い。また、主語として形式的に使われることもある。"
you,あなた; きみ,"話しかけている相手の人や人を指す代名詞。"
that,あれ; それ; 〜という,"特定の物や人、または前に述べた事柄を指す代名詞または形容詞。接続詞として、従属節を導くこともある。"
he,彼,"男性の一人称または三人称単数代名詞。彼自身を指す。"
was,だった; でした,"過去のある時点での状態や存在を示すbe動詞 (is, am, are) の過去形。"
for,〜のために; 〜にとって; 〜の間,"目的、利益、期間、原因、または交換を表す前置詞。"
on,上の; 〜に,"場所や表面の上にあること、または特定の行動が続けられている状態を示す。"
are,です; でございます; いる; ある,"be動詞の現在形（複数または二人称単数）。状態、存在、属性などを表す。"
with,〜と; 〜と一緒に,"何かや誰かと共にいること、道具や方法などを示すのに使われる。"
as,〜として; 〜なので; 〜のように,"ある状況と同じであること、または何かの役割や理由を示す言葉。"
I,私,"一人称単数代名詞。話している自分自身を指す。"
his,彼の; 彼のもの,"男性の所有を示す形容詞または代名詞。"
they,彼ら; 彼女ら; それら,"3人称複数代名詞。複数の人や物を指して使う。"
be,である; いる; ある,"主語の状態、性質、同一性、場所、または存在を示す動詞。"
at,〜に; 〜で,"特定の場所や時間を示すのに使われる前置詞。"
one,1つ; 一つ; 1,"数で最初のもの。単一または唯一の個体や事物を指す。"
have,持つ; 持っている; ある,"所有や所持、またはある状態や特性を示す。"
this,これ,"話している人や場所に近い物や人を指したり、既に出た話題を指すのに使う代名詞。"
from,〜から,場所、時間、原因などを表し、出発点や起源を示す。
or,または; あるいは,"選択肢を提示したり、別の可能性を示したりする際に使われる。"
had,持っていた; あった,"have (持つ、ある）の過去形および過去分詞形。所有、経験、状態などを過去に持っていたことを示す。"
by,〜によって; そばに,"行動者や手段、または近接を示す前置詞。"
not,〜ではない; 〜しない,否定を表す言葉。
word,単語; 言葉,"意味を持つ音や文字の塊。"
but,しかし; だが; しかしながら,"前の文や語句と対照的な内容や、例外を示すために使われる接続詞。"
what,何; どういった,"物、事柄、または状況について尋ねる疑問詞。"
some,いくつか; いくらか; ある程度の,"不定量または未知の数や量を指す。特定の（しかし不明な）人や物事を指すこともある。"
we,私たちは; 我々は,"話している人（複数）と、その人たちが含める他の人々を指す代名詞。"
can,〜できる; 〜することができる,"能力、許容、可能性を示す助動詞。"
out,外に; 外で,"中にない状態や場所、またはそこから離れる動きを示す前置詞、副詞、あるいは形容詞として使われる。"
other,他の; 別の,「もう一つの、残りの、または以前に言及されたものとは異なる」ことを示すのに使われる単語。
were,だった; あった,"「be」動詞の過去形複数、または仮定法現在。過去の出来事や状態、または非現実的な状況を表す。"
all,全て; 全部,"完全に、または残すことなく、全ての人、物、量、程度などを指す。"
there,そこに; あそこに,"場所や存在を示すために使われる言葉。遠く離れた場所を指すことも。"
when,いつ; 時,"時間に関する疑問詞。または、特定の時間が起こる状況や時点を指す接続詞。"
up,上に; 上へ,"より高い場所や位置へ移動すること、または既に高い場所にいる状態を示す。"
use,使う; 使用する,"何かを目的のために活用すること。"
your,あなたの,"話しかけている相手や、指示・所有されているものが話し相手に関係することを表す代名詞の所有格。"
how,どう; どのように,"物事がどのように行われるか、またはどの程度かについて尋ねたり述べたりするために使用される語。"
said,言った; 発言した,"say（言う）の過去形および過去分詞。何かを口頭で述べたり、文章で書いたりしたことを示す。"
an,不定冠詞,"後続の名詞が母音から始まる場合に使われ、数えられる単数名詞の前につけて「一つ」または「ある特定の」という意味を表す。"
each,それぞれの; 各自の,"複数の物事について、一つ一つ全てを指す。"
she,彼女,"話者が女性であることを示す三人称単数代名詞。"
which,どれ; どちら,"選択肢の中から何かを尋ねる際に使われる疑問詞。"
do,する,"行動や活動、または何かを遂行することを意味する基本的な動詞。"
their,彼らの; それらの,三人称複数所有格。前に出てきた複数の人や動物、物の所有物を示す。
time,時間; 時; 時刻,"過去、現在、未来にわたる出来事の連続。期間の長さ、または特定の時点。"
if,もし; もし〜ならば,"条件を示す接続詞・副詞。ある状況が真実であるか、または起こる場合に何か別のことが起こることを示す。"
will,〜だろう; 意思; 遺言,"未来の出来事や意図を表す助動詞。また、個人的な決意や、死後の財産に関する指示を記した文書（遺言）を意味する。"
way,道; 方法,"ある場所へ行くための道筋。何かをするための手段ややり方。"
about,約; ついて,"大よそや概算を示す。また、何かや誰かに関する主題を表す。"
many,多くの; たくさんの,"数が大きいこと。たくさんのものや人々を示すのに使われる。"
then,それから; その後,"ある時点の後に起こること、または文中で述べられた結果や結論を導くために使われる。"
them,彼ら; 彼女ら; それら,"theyの目的格形。彼ら、彼女ら、またはそれらの代わりに使用される。"
write,書く,"文字やサインなどを表面にかいたり、本や手紙などを作成したりする行為。"
would,だろう; であろう; したい; するだろう,"過去の習慣、推量、または希望や丁寧な依頼を表す助動詞。"
like,好き; 〜のように; 好む,"何かを良い、楽しい、または魅力的だと思う感情。また、二つのものが似ていることを示す。"
so,だから; とても; そのように,"前の文脈の結果や理由を示したり、程度が非常に高いことを表したりする。"
these,これら; これらの,"話し手や書き手に近い、複数の人や物を指し示す代名詞。"
her,彼女の; 彼女を; 彼女に,"英語の代名詞の一つで、「彼女」という三人称単数女性を指す所有格（例: her book）、または目的格（例: I saw her）として使われる。"
long,長い,"空間的、時間的に延びていること、または時間をかけている状態を示す。"
make,作る; 製造する; 〜にする,"物を作り出す、または形づくる。何かを生じさせたり、ある状態に変化させたりすることも意味する。"
thing,こと; もの,"一般的に、具体的な物体や抽象的な事柄を指す語。"
see,見る; 見える; 会う; 理解する,"目を使って何かを知覚する行為。人や物に会うことや、状況を理解することも意味する。"
him,彼を; 彼に,"男性を指す代名詞 he の目的格で、「彼を」「彼に」という意味。"
two,2; 二; 二つ,数字の2。または二つの人や物。
has,持っている; ある,"haveの三人称単数現在形。所有、存在、経験などを表す。"
look,見る; 見る,"目を使って何かを認識したり、注意を向けたりする行為。"
more,もっと; より多くの,"数量や程度が以前より大きいこと、または追加されることを示す。"
day,日; 昼,"朝から晩まで、または太陽が出ている時間帯。特定の出来事が起こる特定の時期。"
could,できた; かもしれない; 〜していただけますか,"canの過去形。過去の能力を示したり、現在の可能性や丁寧な依頼を表す。"
go,行く; 進む,"人や物が、ある場所から別の場所へ移動する。"
come,来る; 起こる,"話し手や特定の場所に向かって移動する。または、イベントや事態が発生する。"
did,した; 来た; 行った,「do」の過去形。行った行為や出来事を過去に終了したことを示す。
number,数; 番号,"数量を表す語や記号。順序や識別にも使われる。"
sound,音; 音声; 健全な,"耳で知覚できる振動。音声、音楽、騒音を含む。または、状態が良好で健康な様子。"
no,いいえ; 無し,"否定や同意しないことを表す言葉、または何も存在しない状態。"
most,最も; 大部分; ほとんど,"量や程度が最大であること。または、大部分を占めること。"
people,人々; 人々,"人間全般を指す複数形の名詞。特定の集団や民族を指す場合もある。"
my,私の,"「私」や「私の」に属する物や事を指す所有限定詞。"
over,〜の上に; 越えて; 終わって,"何かの真上や反対側にあることを示したり、ある時点や状況が終了したことを示したりする。また、何かを通過したり越えたりすること。"
know,知る; 分かる,"情報や知識を持っていること。経験や学習によって理解すること。"
water,水,"液体で、多くの生命体にとって必須のもの。飲む、洗う、植物に与えるなどに使う。"
than,〜より,"比較級の後に置かれ、比較対象を示す。"
call,呼ぶ; 電話する; 鳴る,"声を出して合図を送る、または電話をかけること。また、電話やブザーなどが鳴ること。"
first,最初の; 一番目; 初めて,"順序で一番前であること。または、初めて起こったこと。"
who,誰; どちら,"人について尋ねたり、特定の人を指したりするときに使う疑問詞（誰、だれ）や関係代名詞（〜する人）。"
may,〜かもしれない; 〜してもよい,"不確実性（可能性）や許可を示す助動詞。"
down,下に; 降ろす; 落ちる,"より低い場所、位置、またはレベルへ移動すること、またはそこにあること。または、何かを低くしたり、落ちたりする様子。"
side,側; 横; 面,"ある物や場所の端、または中心から離れた場所を指す。複数の中から選ばれた一方や視点も意味する。"
been,であった; 行ってきた,"be動詞（am, is, are）やgoの過去分詞。状態の継続や、ある場所に行った経験を示す。"
now,今; 現在,「この時」または「すぐに」という意味で使われる言葉。
find,見つける; 見いだす,"失くした物や探している物を見つけ出すこと。また、新しい情報や理解を得ること。"
any,どの; いくつかの; 全ての,"不特定なものや数、または否定や疑問と共にどれか一つを示す。"
new,新しい,"以前にはなかったもの、または最近作られた、発見された、あるいは手に入れたものを指す。未経験のことも意味する。"
work,仕事; 働く; 機能する,「仕事」は職業や任務、または行われた活動を指します。「働く」は労働する行為を意味し、「機能する」は機械などが正常に動くことを指します。
part,部分; 一部; 役,"全体を構成する要素や断片。演劇などで与えられた役柄。"
take,取る; 持っていく; 連れていく,"何かを手で持ったり掴んだりする。人や物をある場所から別の場所に移動させる。時間や労力を要する。"
get,得る; 手に入れる; なる,"何かを受け取る、獲得する、または特定の状態になることを意味する。"
place,場所; 位置; 配置する,"ある特定の場所や地点。何かを置く、配置することも意味する。"
made,作った; 作られた,"作るという行為の過去形または過去分詞形。何かを組み立てたり、創造したりすること。"
live,住む; 生きる,"ある場所に dwelling すること、または存在し続けること。"
where,どこ,"場所を問うときに使う疑問詞。または場所を示す関係副詞。"
after,後に; 〜の後に,"時系列で、ある時点や出来事の後の状態や行動を示す。"
back,戻る; 後ろ; 背中,"元の場所や状態に戻ること。物の後ろの部分や、人間の体でいうと腹部と反対側の部分を指す。"
little,小さい; 少し,"サイズや量が少なく、または重要性が低いこと。また、若さを示す。"
only,唯一; だけ,"それ以外にはないことを示す。特定の物や人、状況に限定される。"
round,丸い; 円い; まる...,"円形または球形の形状をした。また、一連の出来事の一部や段階。"
man,男; 男性; 人間,"成人した男性。広義には人類全体を指す。"
year,年; 歳,"特定の期間を表す単位で、多くの場合365日（閏年は366日）を指す。年齢を表す際にも使用される。"
came,来た,"来る（come）の過去形です。誰かや何かが何かに向かって移動したことを示します。"
show,見せる; 示す; 見せ物; 番組,"何かを他の人に見えるように提示すること。また、公演や展示などの見せ物や娯楽番組。"
every,すべての; あらゆる,"集まりの個々の要素全てを指す。個々のものや人が漏れなく含まれることを示す。"
good,良い; 上手な; 親切な,"質や標準が高いこと。道徳的に正当なこと。何かに優れていることや、人に対して親切で友好的なこと。"
me,私を; 私に,"英語の代名詞。I（私）の目的格で、動詞や前置詞の後に来て「私を」「私に」という意味を表す。"
give,与える; 提供する,"何かを人にあげることや、物事を譲り渡すこと。"
our,私たちの; 我々の,"話し手と他の人（複数）に属するものを指す所有形容詞。"
under,〜の下に; 〜より少なく,"何かや誰かの下に位置している状態。また、基準となる量や数よりも少ないことを示す。"
name,名前,"人や物に付けられた識別するための語。"
very,とても; 非常に,"程度が著しい、大幅な、という意味を表すのに使われる副詞。"
through,〜を通って,"何かの中を通り抜けること、またはある点から別の点へ移動することを示す。完了、完了、または継続の状態を示すこともある。"
just,ただ; ちょうどの; 公正な,"時間的に少し前や直後であること、正確であること、あるいは公平で偏りがないことを示す。"
form,形; 形態; 様式; 用紙,"ものの外観や構造。または、公式の申請書や書類。"
sentence,文,"意味が完結している単語のまとまり。"
great,素晴らしい; 偉大な,"非常に良い、または優れた。大きさ、重要性、質などが平均を大きく上回る様子。"
think,考える; 思う,"何かが真実であると信じること、または頭の中でアイデアや意見を形成すること。"
say,言う; 発言する,"言葉を発して考えや意見を伝えること。"
help,助ける; 助け,"誰かが何かをするのを容易にしたり、困難を克服するのを支援したりする行動。またはその支援自体。"
low,低い,"高さや程度が普通のレベルを下回る。値段が安いことも指す。"
line,線; 列; 電話回線,"細長い印や帯。人や物の並び。電話の接続。"
differ,違う; 異なる,"比較して似ていない、または同じでないこと。"
turn,回る; 回す; 番,"回転する、または何かを回転させること。順番や機会を指すことも。"
cause,原因; 引き起こす,"物事が起こる理由や根拠。また、物事が起こる原因となる行動や出来事。"
much,たくさんの; 大いに,"量や程度が大きいことを示す。数えられない名詞や動詞をしばしば修飾する。"
mean,意味する; つもりである; 意地悪な,"言葉や行動が表すこと。何かをする意図があること。人が優しくないこと。"
before,〜の前に; 以前に,"時間や空間において、あるものより先にあること。過去のある時点を示す。"
move,動く; 移る,"ある場所から別の場所に移動すること。位置を変えること。"
right,正しい; 右,"倫理的または事実として合っていること。方向では、左の逆。"
boy,少年; 男の子,"若い男性の子供。"
old,古い; 年老いた,"年齢が高いこと、あるいは長い間存在していること。"
too,あまりに; 〜すぎる,"度を超して非常に、または予想以上に多く、または〜と一緒に、という意味で使われる。"
same,同じ,類似している、または区別がつかないさま。
tell,話す; 伝える; 教える,"誰かに情報や物語を言葉で伝えること。"
does,する; あります,"doの三人称単数現在形。何かを行う、活動する、または存在する状態。"
set,セット; 置く; 設定する,"同じ種類のものの集まり。何かを特定の場所や位置に置くこと。物事を決めたり調整したりすること。"
three,三,"数字の3。2の次で4の前の数。"
want,欲しい; 〜したい,"何かを持ちたい、所有したい、または何かを成し遂げたいと強く思う気持ち。"
air,空気; 空中,"地球を覆っているガス状の物質。特に呼吸に必要な大気。"
well,よく; うまく; 井戸; 健康な,"良い状態や方法で。または、深い穴のこと。健康であることを指す場合もある。"
also,〜もまた; さらに; その上,"既に述べたことや存在するものに加えて、別のものも同様であることを示す際に用いる。"
play,遊ぶ; 演奏する; 劇,"子供や楽しみのために活動する。楽器を鳴らしたり、スポーツをしたりする。劇に出演する。"
small,小さい; 少ない,"サイズ、量、程度が標準や他と比べて小さいこと。"
end,終わり; 終了; 末尾,"何かが終わること、最終的な点や段階のこと。"
put,置く; 入れる,"何かを特定の場所や位置に移動させること。特定の状態や状況にすること。"
home,家; 自宅; 家庭,"人が住んでいる場所。特に自分の家族と一緒に住んでいる場所や生まれ育った場所。"
read,読む,書かれた文字や文章を目で追って理解すること。
hand,手,"腕の先にある、物をつかんだり持ったりするための体の部分。"
port,港; ポート,"船が接岸して荷物の積み降ろしや人の乗降を行う場所。コンピューターなどの接続口を指すこともあります。"
large,大きい; 広い; 大規模な,"サイズや量が平均よりも相当大きいこと。広さや規模が大きい様。"
spell,つづる; 呪文,"文字を順番に並べて単語を作る。また、魔法の力を持つ言葉や行為。"
add,加える; 足す,"合計に加える、あるいは物事を増やすこと。"
even,〜でさえ; 平らな,"予期せぬ事柄や極端な例を含むことを示す副詞または形容詞で、驚きや強調を表す。また、表面が滑らかで段差がない様子を指す。"
land,陸; 土地,"地球の表面で、海ではない部分。所有したり利用できる地面のこと。"
here,ここ; こちら,"今いる場所、または話題の中心となっている場所を指す。"
must,〜しなければならない; 〜に違いない,"義務や必要性（〜しなければならない）または強い確信（〜に違いない）を表す助動詞。"
big,大きい; 大きな,"物理的にサイズが大きい、または重要性や範囲が大きいことを示す。"
high,高い,"高さや強さが大きいこと。基準や平均より上であること。"
such,そのような; このような,"前に言及されたものと同様の、または非常にその度合いが強いものを指すのに使われる。"
follow,追いかける; 続く; 従う,"人や物の後をついていく。指示やルールに従う。時間的に後に続く。"
act,行う; 行動する; 演技,"何かをする、行動を起こすこと。また、劇や映画などで役柄を演じること。"
why,なぜ; どうして,"原因や理由を尋ねる時に使う疑問副詞。"
ask,尋ねる; 頼む,"質問をする、または誰かに何かをするように言う。"
men,男性; 男たち,"複数の成人男性。"
change,変える; 変化する,"ある状態から別の状態へ移行すること。物事を変えたり、変わったりすること。"
went,行った,"goの過去形。過去の時点で移動した状態を示す。"
light,光; 明かり; 軽い,"目に見えるエネルギーの一種。暗闇を明るくするもの。また、重さが小さいこと。"
kind,種類; 親切な,「グループやカテゴリーを示す。」または「人や物事を思いやる優しさや善意を示す。」
off,離れて; 休んで,"何かが表面から離れている状態、動いている状態、または活動が停止している状態を示す。"
need,必要とする; 必要,"何かが必要である、あるいは求めること。不可欠なもの。"
house,家,"人々が住むために建てられた建物。"
picture,絵; 写真,"物や場面などを写し取ったもの。描かれたもの（絵）も、撮影されたもの（写真）も指す。"
try,試す; 努力する,"何かをしようと努力すること。または、味などを確かめるために少しだけ口にすること。"
us,私たち,話し手と他の複数を指す代名詞。
again,再び; もう一度,"以前に起こった状態や行為が繰り返されることを示す。"
animal,動物,"人間以外の生き物で、たいてい自分で動くことができるもの。"
point,点; 指す,"物事の場所や位置を示す印。概念的な要点や意見を指すこともある。また、指などで特定のものを示す動作。"
mother,母; 母親,"女性の親。特に、子供を産んだ女性を指す。"
world,世界,"地球上のすべての場所、国、人々。特定の活動や興味の分野全体を指すこともある。"
near,近い; 近くに,"距離的または時間的に、場所や時点がわずかに離れている状態。すぐそばであること。"
build,建てる; 建築する; 建設する,"家、建物、橋などを構造的に作り上げること。計画して構築することも指す。"
self,自分; 自己,"自分自身のこと。"
earth,地球; 大地,"太陽系第三惑星。また、植物が生える表面の土や陸地のこと。"
father,父; 父親,"男性の親。自分の夫やパートナーの子に対する男性の親。"
head,頭; かしら,"人間の体や物体の最上部。組織やグループのリーダーを指すこともある。"
stand,立つ; 我慢する,"足で垂直に体を支えること。また、困難な状況に耐えることも意味する。"
own,自分の; 所有する,"自分自身のものであること、または何かを所有していることを示す形容詞または動詞。"
page,ページ,本の紙の一枚や、ウェブサイトの一画面のこと。
should,〜すべきである; 〜のはずである,"推奨や義務、または可能性や予想を示す助動詞。"
country,国; 田舎,"地理的な領域、特に政治的に区別された領域。都市部ではない自然豊かな地域も指す。"
found,見つけた; 設立した,"見つけること、または始めること。過去形。"
answer,答える; 答え,質問や問題に対する返答や解決策。
school,学校,"学びや教育が行われる場所。生徒が集まり、先生が教える施設。"
grow,成長する; 育つ; 増える,"生命力が大きくなる、または量や大きさが徐々に増すこと。"
study,勉強; 研究,"知識を得るために本を読んだり、授業に出たりする行為。または、特定の主題について深く調べること。"
still,まだ; 静止した,"ある状態や動きが継続していること。または動きがなく静かなこと、静止した状態。"
learn,学ぶ,"知識や技術を習得すること。経験を通して知るようになること。"
plant,植物; 工場,"土に根を張り、葉や茎を持つ生き物。または、製品を製造するための建物や施設。"
cover,覆う; 含む; 表紙,"何かを覆うこと。あるいは、話題や範囲に何かを含むこと。本の外側の紙や布。"
food,食べ物; 食品,"食べたり飲んだりして生命を維持するためのもの。"
sun,太陽,"昼間に空に見える、熱と光を発する巨大な星。"
four,四; 4,"数字の3の次に来る数。また、その数に対応する量。"
between,〜の間に,"二つ以上の場所、人、物事、または時間の間にある位置。"
state,州; 国家; 状態,"特定の領土と政府を持つ政治組織。または、人や物の現在のありさまや状況。"
keep,保つ; 維持する; 続けている,"何かを特定の状態や場所に置いておく。行動や状態を続けること。"
eye,目; 視力,"見るための器官。または、目が見る能力。"
never,決して〜ない; 一度も〜ない,"全く、または決して起こらない、またはあり得ないことを示す時に使う単語。"
last,最後の; 続く,"順序で一番後ろに来ること。また、時間的にある期間存続すること。"
let,〜させてください; 〜しよう,"許可したり、物事が起こるのを許したりする際に使う言葉。提案にも使われる。"
thought,考え; 思考,"考えること。頭の中で何かを生み出したり、判断したりする精神的な活動。"
city,都市,"大きな人口と多くの建物がある場所。"
tree,木,"幹と枝を持つ大きな植物。果物や木材として利用されることが多い。"
cross,渡る; 交差する; 十字架,"ある場所から別の場所に移動する。二つの線や道が交わること。また、キリスト教のシンボル。"
farm,農場; 畑,"農業が行われる土地。作物や家畜の生産を目的とする。"
hard,硬い; 難しい; 熱心に,"触るとしっかりしている、簡単ではない、または懸命に行う様子。"
start,始める;始まる,"何かが起こり始める、または活動を開始すること。"
might,〜かもしれない; 力; 権力,"可能性や推測を表す助動詞。また、力や権限を意味する。"
story,物語; 話,"出来事や想像上のことを語ったり書いたりしたもの。特に、始まり、中間、終わりがある一連の出来事。"
saw,見た; のこぎり,"見るの過去形。物体を切断するための道具。"
far,遠い; 遠く,"距離がかなり離れていることや、離れた場所にいることを示す。"
sea,海,"広大で塩水の水域で、大陸を囲んでいるもの。"
draw,描く; 引く,"ペンや鉛筆などで絵や線を紙に描くこと。また、人や物を引き寄せること。"
left,左,"方向や側面のひとつで、体の中心から見て心臓側にある方。"
late,遅い; 期限を過ぎた,"通常の時間や期待される時間、または期日を過ぎている状態。"
run,走る; 経営する; 流れる,"足を使って速く移動すること。また、事業などを運営したり、液体などが滞りなく動くことを指す。"
don't,〜しない; することなかれ,"do not の短縮形。命令形では「〜するな」という意味になる。"
while,〜の間; 〜する間に,"時間的に何かをしている最中であることを示す接続詞。"
press,押す; 報道機関; 印刷する,"物理的に何かを押し付けること。また、新聞や雑誌などの報道機関、または機械を使って情報を印刷すること。"
close,閉じる; 近い; 親しい,"開いているものを元に戻して塞ぐこと。距離が短いこと。人との関係が非常に親密なこと。"
night,夜,"一日の中で太陽が沈んで暗くなっている時間帯。"
real,本物の; 本当の,"偽りがない、事実である、または想像や作り話ではないことを示す。"
life,人生; 生命,"生まれてから死ぬまでの、存在する状態や期間。生物が生きていること。"
few,少ない; 少しの,"数が少ないこと、またはそのような少量を示す。"
north,北,"四つの方角のうち、太陽が沈む方角の反対側。"
open,開ける; 開く,"閉じていない状態にする、またはアクセス可能にする。店などが営業している状態。"
seem,〜のように見える; 思われる,"外見や状況から、ある状態や印象であると判断されること。"
together,一緒に; 協力して,"複数の人や物が一つにまとまって存在するさま。または、協力して何かを行うさま。"
next,次の,"順番で来る人や物。時間的にすぐ後を指す。"
white,白,"雪や牛乳のような色。人種を表す場合もある。"
children,子供たち,"childの複数形。まだ大人になっていない人々を指す。"
begin,始まる; 開始する,"物事が最初からスタートすること。行動やイベントなどが始まること。"
got,得た,getの過去形・過去分詞形。何かを取得したり、受け取ったりしたことを示す。
walk,歩く; 散歩,"足を使って移動すること。特にのんびり歩くことを指す場合もある。"
example,例; 手本,"何かを説明したり説明したりするために使用される、典型的なものまたは表現。"
ease,容易; 楽さ,"苦痛や困難がなく、心地よく穏やかな状態。また、物事を簡単にする。"
paper,紙,"書いたり印刷したりするための薄い素材。"
group,グループ; 集団,"共通の特性、興味、または目的を持つ人や物の集まり。"
always,いつも; 常に,"決して変わらず、どのような時でも続くこと。"
music,音楽,"歌や楽器などによって生み出される、リズム、メロディー、ハーモニーを持つ音の芸術。"
those,あれらの; その; これほどの,"複数の遠方の人または物を指すのに使う指示代名詞、または指示形容詞。"
both,両方; 両方の; 両者,二つのものや人々すべてを指す。
mark,印; マーク; 点数,"何かを識別するための記号や印。テストなどで与えられる評価の点数。"
often,しばしば; よく,"頻繁に、たびたびという意味を表す副詞。"
letter,手紙; 文字,"紙などに用件を書いて送るもの。文章を作るための記号。"
until,〜まで,"ある時点や状況が続く限界を示す。"
mile,マイル; 1マイル,"長さの単位で、約1.609キロメートル。"
river,川,"水が流れる大きな自然の水路。"
car,車,タイヤがつき地面を走る乗り物。人や物を運ぶために使われる。
feet,足,"足首より下の部分。歩くときに使う身体の部分の複数形。"
care,世話; 注意; 気遣い,"誰かや何かを大切にすることや守ること。また、注意深く行動したり気にかけたりすること。"
second,秒; 2番目の,"時間の単位（1分間の60分の1）。順序における2番目のもの。"
book,本; 書物,"印刷されたページを束ねて綴じたもので、読んだり書いたりするために使われるもの。"
carry,運ぶ; 持ち運ぶ,"人や物をある場所から別の場所へ移すこと。または、物理的に物を支えながら移動させること。"
took,取った; 連れて行った,"take（取る、連れて行く）の過去形。"
science,科学,"自然界や社会の現象を観察、実験、理論構築によって体系的に研究する学問。"
eat,食べる,"食物を口に入れ、かんで飲み込む行為。"
room,部屋; 余地,"建物の中の四方を囲まれた空間。特定の用途（寝室、居間など）に使われることも多い。また、何かをするための空間や機会も意味する。"
friend,友達; 友人,"親しい関係にある人。お互いに好意を持ち、支え合う相手。"
began,始まった,"beginの過去形。何かがスタートした状態を示す。"
idea,考え; アイデア,"物事についての思考、構想、または心に浮かんだ像。"
fish,魚,"水中に住む、えら呼吸をする動物。"
mountain,山,"地殻が隆起してできた、周囲よりも高い大きな地形。"
stop,止まる; 止める; 中止する,"動きや活動を終えること。進行中の何かをやめること。"
once,一度; かつて,"過去のある時、または回数を数えるときに「1回」という意味で使われる。"
base,基礎; 土台; 基地,"物事の一番下の部分や支えとなるもの。活動の中心となる場所。"
hear,聞く,"音を耳で知覚すること。誰かが話すことや、物事の音を知ること。"
horse,馬,"家畜化された、速く走ることができ、乗り物や荷物の運搬に使われる大型の哺乳類。"
cut,切る; 切断,"刃物や鋭いもので、物体を二つ以上に分けたり、表面に切り込みを入れたりすること。"
sure,確かな; きっと; もちろん,"疑いなく真実であること、または確信していること。同意や承認を表す際にも使う。"
watch,見る; 時計,"時間を見るためのもの。または、動いているものや出来事を注意して見る行動。"
color,色; 色彩,"物体の表面の特性で、光を反射または吸収することで視覚によって区別される。"
face,顔; 面会する; 直面する,"頭の全面、目、鼻、口がある部分。また、困難や問題に立ち向かうことを意味する。"
wood,木材; 森,"木から切り出された材料や、木が生い茂っている場所、またはゴルフのクラブの一種。"
main,主な; 主要な,"最も重要または影響力のある。物事の中心となる部分。"
enough,十分な; もういい,"必要とされるだけ、あるいはそれ以上の量や程度。満足できるほど。"
plain,平野; 明白な; 質素な,"広くて平らな土地。見た目がシンプルで飾り気がない様子や、はっきりとしていて分かりやすい様子を表す。"
girl,少女; 女の子,"若い女性の子供。"
usual,いつもの,"普通であること、または頻繁に起こることを示す。"
young,若い,"年齢が比較的少ないこと。年をとっていないさま。"
ready,準備ができた; 〜する準備ができている,"物理的、精神的に何かを行う準備ができている状態。"
above,〜の上に; 〜より高く,"位置や状態が何かの上にあること。より優れていることや、量が多いことを示すこともある。"
ever,これまでに; かって,"ある期間中のあらゆる時点、または経験した・起こったことすべてを指す。"
red,赤; 赤い,"光のスペクトルの中で最も波長が長い色。血液や炎のような色。"
list,リスト; 一覧; 名簿,"項目や名前などがまとめて書き出されたもの。"
though,〜だけれども; 〜にもかかわらず,"文の途中で、「しかし」「それでも」という意味で前の内容と対比する情報を加える接続詞。あるいは、文末で前の文の内容に対して控えめな反対や疑問を表す副詞。"
feel,感じる; 感じる; 感じ,"感覚や感情を体験すること。触覚や心の状態を表す。"
talk,話す; 話し合い,"言葉を使って考えや気持ちを伝えること。会話や議論のことも指す。"
bird,鳥,"羽毛を持ち、主に空を飛ぶ脊椎動物。"
soon,すぐに; まもなく,"近い将来に、あまり時間がたたずに。"
body,体; 肉体; 死体,"人や動物の全身、またはその主要な部分。生物の物理的な構造。"
dog,犬,"人間と一緒に住むことの多い、四足で毛の生えた動物。"
family,家族,"夫婦、親子、兄弟姉妹など血縁または婚姻によって結ばれた人々の集まり。"
direct,直接の; 指示する,"まっすぐな、間接的でない。道案内をしたり、命令したりすること。"
pose,ポーズ; 姿勢; ふりをする,「写真を撮るための特定の見せ方」「体を使った特定の姿勢」「本当ではない態度や見せかけ」などの意味を持つ。
leave,出発する; 離れる; 残す,"ある場所から移動すること、または何かや誰かをそのままにしておくこと。"
song,歌; 歌曲,"声や楽器で演奏される音楽作品で、通常は歌詞がある。"
measure,測る; 寸法; 対策,"大きさ、量、程度などを決定する行為。また、その結果得られた数値や、問題解決のために行われる行動。"
door,ドア; 戸,"建物や部屋の出入りに使われる開け閉めできる板。"
product,製品; 生産物,"作られたもの。特に工場などで大量に作られるものを指す。"
black,黒い; 黒色,"色の一つで、光をほとんど反射しない非常に暗い色。また、暗いことや否定的な意味合いでも使われる。"
short,短い; 背の低い; 不足した,"長さ、高さ、または時間が短い状態。数が十分でないこと。"
numeral,数字; 数詞,"数を表す記号や単語。"
class,クラス; 授業; 種類,"学校での授業や集団。人や物の種類や階級。"
wind,風,"空気の流れ。自然現象の一つ。"
question,質問; 問題,"尋ねることによって情報を得ようとする言葉や、解決する必要がある事柄。"
happen,起こる; 生じる,"何かが発生すること。偶然や必然によって物事が起きること。"
complete,完了する; 完全な,"全てが揃っていて、不足している部分がない状態。または、何かを全て終えること。"
ship,船,"水上を移動する大きな乗物。人や物を運ぶのに使う。"
area,地域; 範囲,特定の場所や広がり。活動や知識の範囲を示すこともある。
half,半分; 半ば,"全体を二等分したうちの一つ。通常、面積、量、数などの半分を指す。"
rock,岩; 石; ロック,"硬い物質でできた地面の一部、または砕かれたもの。また、ポピュラー音楽の一つのジャンル。"
order,順序; 注文; 命令,"物事が配列されている特定の配置や последовательность。購入したいものを依頼すること。誰かが何をすべきかを示す指示。"
fire,火; 火災; 発砲する,"何かが燃えるときに生じる熱、光、煙。建物や森林などが燃えること。銃などから弾を撃つこと。"
south,南,"東西南北の四つの基本的な方角の一つで、北の反対側。"
problem,問題,"解決が必要な困難な状況や事柄。"
piece,一片; 部分; 欠片,"全体の一部を構成するもの。物の破片や、数えられるものの一つ。"
told,告げた; 言った,"tellの過去形、過去分詞。誰かに何かを話したり、知らせたりすること。"
knew,知っていた," know の過去形。何かについて情報を持っていたり理解していたりする状態。"
pass,通り過ぎる; 手渡す; 合格する; 経過する,"人や物を通り越すこと。何かを他の人に渡すこと。試験などに成功すること。時間が経つこと。"
since,〜以来; 〜なので,"過去のある時点から現在まで続いていることを示す。理由や原因を示す。"
top,一番上; 頂上; 最高,「最も高い場所や位置。物事の最高の状態やレベル。」
whole,全体の; 全部; 全て,"完全な、または欠けがない状態のこと。あるもののうち、一切合切を指す。"
king,王; 国王,"国の男性の支配者。"
space,宇宙; 空間,"地球などの天体が存在する広大な領域。また、物と物の間の空いている場所や範囲。"
heard,聞いた,"聞く（hear）の過去形または過去分詞形。音を耳で捉えたことを示す。"
best,最も良い; ベスト,"優れている、または最も適している品質。最高のもの。"
hour,時間; 1時間,"1日の24分の1に当たる時間の単位。"
better,より良い; もっと良い,"より優れた、またはより望ましい状態や品質のこと。"
true,本当の; 真実の,"事実に基づいている、または偽りなく正確であることを示す。"
during,〜の間,"特定の期間中に行われていることや、その期間で起こっていることを示す。"
hundred,百,"数の単位で、10を10回集めた数。"
five,五,"数字で、4の次に来る数。"
remember,覚えている; 思い出す,"過去の出来事や情報を頭の中に保持している状態、またはそれを呼び起こすこと。"
step,一歩; 段階; 手順,"歩くときに足を動かすこと。また、目標達成のための段階や手順。"
early,早い; 早く,"期待される時間や通常の時間より前であること。または、そのような時間に行うこと。"
hold,持つ; 保持する; 開催する,"何かを手に持ったり、支えたりする。イベントなどを開催することも意味する。"
west,西,"四つの方角の一つで、太陽が沈む方角。東の反対。"
ground,地面; 土地,"地球の固体の表面。物の土台や根拠となるもの。"
interest,興味; 関心; 利子,"何かを知りたいと思う気持ち。または、お金を貸したり預けたりすることで得られる追加の金額。"
reach,届く; 到達する,"手や物を使って何かに触れること、または目的地や目標にたどり着くこと。"
fast,速い,"スピードが速い、動作が迅速であることを示す形容詞または副詞。"
verb,動詞,"人や物の動作、状態、または存在を示す品詞。"
sing,歌う,「声を出して音楽を表現する行為。歌を歌うこと。」
listen,聞く; 聴く,"音を意識して聞くこと。耳を澄ませて注意を払うこと。"
six,六; 6,"数字の5の次に来る整数。"
table,テーブル; 食卓; 表,"食事をしたり、物を置いたりするために使われる平らな表面を持つ家具。データなどを整理して示すための形式（数学など）も指す。"
travel,旅行する; 旅,"ある場所から別の場所へ移動すること。特に遠隔地や海外に。"
less,より少ない; もっと少なく,"量や程度が低いこと、または足りないことを示す。"
morning,朝,"一日の始まり、夜明けから昼頃までの時間。"
ten,十,"0から始まる自然数で、9の次に来る数。"
simple,簡単な; 単純な,"複雑でない、わかりやすい、または難しくない様子。"
several,いくつかの; 数人の,"3つ以上の、しかし多すぎない数を表す。"
vowel,母音,"発音時に気流が塞がれずに口から出る音。"
toward,〜の方へ; 〜に向かって,"方向、目標、または目的に対する動きや態度を示す。"
war,戦争,"国家間や集団間での武力を用いた大規模な争い。"
lay,置く; 横たえる,"物事を平らな場所に置く。人が休息するために横になること。"
against,〜に反対して; 〜に対して,"何かや誰かに反対する立場や行動を示す。また、〜にぶつかる、寄りかかるという意味もある。"
pattern,パターン; 模様; 型,"繰り返される形状、デザイン、配列、または行為。何かを行うための決まった方法。"
slow,遅い,"動作や速度がゆっくりであること。"
center,中心; 中央,"物事の真ん中の点や場所。または、活動や注意が集中する場。"
love,愛; 恋; 大好き,"深い愛情や情熱の感情。何かや誰かを非常に好むことも意味する。"
person,人; 人物,"身体、思考、意志を持つ個々の人間を指す。"
money,お金; 金銭,"物を買ったりサービスを受けたりするために交換される、政府によって発行された通貨や硬貨。"
serve,仕える; 供給する; 提供する,"人や組織に奉仕する、食事や飲み物を出す、または目的を果たす。"
appear,現れる; 見える,"隠れていたものが見えるようになること。または、特定の方法で人や物に見えること。"
road,道; 道路,"人や乗り物が通るように作られた表面。場所から場所へ行くための通路。"
map,地図,"地球の表面や一部を平面上に描いたもの。"
rain,雨,"空から降る水のしずく。降水の一種。"
rule,規則; 定規; ruling,"従うべき行動規範や原則。まっすぐな線を引くための道具。統治や支配すること。"
govern,統治する; 支配する,"国や地域、組織などを公式にまたは権威をもって支配すること。ルールや法律を設定し、維持すること。"
pull,引く; 引っ張る,"手や力を使って何かを自分の方や、ある方向へ動かすこと。"
cold,寒い; 冷たい; 風邪,"低い温度であること。人が感じる寒さ、または物の冷たさ。また、鼻水や咳などの症状を伴う病気。「風邪」という意味でも使われる。"
notice,通知; 気づく,"何かの存在や起こっていることに気づくこと。または、公式な情報や警告を伝える文書やサイン。"
voice,声; 音声,"人や動物がのどから出す音。話したり歌ったりする際に使用される。"
unit,単位; 個,"測定の基準、または全体を構成する個々の部分。"
power,力; 権力; 電力,"物理的な強さ、影響を及ぼす能力、または電気エネルギー。"
town,町; 市街,"比較的小さな、または中くらいの規模の居住地域の集まり。"
fine,良い; 元気な; 細かい,"質や状態が良いこと。健康な状態であること。細かい粒や粒子であることや、薄いことなども意味する。"
certain,一定の; 確かな,"疑いなく事実であること、または確信していること。また、特定の、決まった、あるいは限られたものを指す。"
fly,飛ぶ; 飛行する; ハエ,"空を移動する。または、二枚の羽を持つ小さな昆虫。"
fall,落ちる; 秋,"高いところから低いところへ移動する、または地面に倒れること。または、夏季と冬季の間の季節（秋）。"
lead,導く; 率いる; 主要な; 鉛,"先頭に立って案内する。また、グループを率いる。主要な役割や位置を占める。金属元素の一種。"
cry,泣く; 叫ぶ,"涙を流す。または、恐れ、怒り、興奮などの強い感情で大声を出す。"
dark,暗い; 闇; 暗闇,"光が少ない、または全くない状態。色が濃く、光を反射しない状態。"
machine,機械; 機械装置,"動力を利用して特定の作業を行うように設計された装置。"
note,メモ; 注意; 音符,"後で見返すための短い文章や印。何かを気にかけること。音楽における音の高さや長さ。"
wait,待つ; 待機する,"何かが起こるまで、あるいは誰かや場所が到着するまで動かないでいること。"
plan,計画; 予定; 企画,_何かをするための詳細な案やプログラム。将来の行動をあらかじめ考えること。
figure,数字; 姿; 図,"人や物の形や外見。数や量を表す記号。図やグラフ。"
star,星,"空に見える、光り輝く天体。特に夜に見えるものを指す。"
box,箱; ボックス,"物、特に入れ物や包装物をしまったり運んだりするための、典型的には四角い容器。"
noun,名詞,"人、場所、物、または概念の名前として機能する単語。"
field,野原; 分野; 競技場,"広くて開けた土地。特定の学問や活動の領域。スポーツの競技が行われる場所。"
rest,休息; 休憩; 残り,"活動を中断して体力や精神を回復すること。または、全体から一部を取り除いた後の残りの部分。"
correct,正しい; 訂正する,"間違いがなく正確であること。または、間違っているものを正しく直すこと。"
able,〜できる,"何かを行う能力がある、または行うことができる。"
pound,ポンド; 叩く,"重さの単位（約453.59グラム）またはイギリスやその他の国で使われる通過単位。また、重く打ちつける動作も意味する。"
done,終わった; 終了した,"何かを完了した、または成し遂げた状態。to do の過去分詞。"
beauty,美しさ; 美,"美しいこと、または感覚に喜びを与える性質。特に見た目の魅力を指す。"
drive,運転する; 駆り立てる,"車両を操作して移動させること。また、人や物をある状態に強い力で動かすこと。"
stood,立った,"stand（立つ）の過去形および過去分詞。"
contain,含む; 入っている,"あるものの中に何かが入っている、または含んでいる状態を表す。"
front,前; 正面,"物の前部、または向いている方向のこと。対義語は「back」（後ろ）。"
teach,教える,"知識やスキルを他の人に伝える行為。"
week,週,"月曜日から日曜日までの7日間の期間。"
final,最後の; 最終的な,"物事の終わりにある、または最後の部分であること。"
gave,与えた; あげた,"giveの過去形。何かを他人に渡した、または与えた状況を示す。"
green,緑; 青,'植物の色や、成熟していない果物の色。環境保護や未経験などを表すこともある。'
oh,ああ; おや; へえ,"驚き、痛み、喜び、悲しみ、考えが浮かんだときなどに発する感嘆の声。"
quick,素早い; 速い,"動作や行動が非常に速いこと。"
develop,開発する; 発展する,"新しいものを作り出したり、大きくしたり、改善したりすること。"
ocean,海; 大洋,"地球の表面の大部分を覆う広大で塩分のある水の塊。"
warm,暖かい; 温かい,"心地よい温度で、熱すぎず冷たすぎない状態。愛情や親切心を示す形容詞としても使われる。"
free,無料の; 自由な,"束縛されていない状態。また、料金がかからないこと。"
minute,分,"時間の単位で、1時間の60分の1。会議などの議事録を指すこともある。"
strong,強い,"物理的に力があること。精神的に堅固であること。味や香りが濃厚であること。"
special,特別な; 特殊な,"他とは異なる、またはより重要で珍しい。特別な目的や機能のために設計されていることも指す。"
mind,心; 精神; 気,"思考や感情の中心となる部分。考えたり感じたりする能力。"
behind,〜の後ろに; 遅れて,"場所や順番において何かの後方に位置すること。また、進捗や時間に関して遅れている状態を示す。"
clear,明確な; 澄んだ; 片付ける,"理解しやすい、または障害がない状態。また、不要なものを取り除くこと。"
tail,しっぽ,"動物の体の後端についている部分。何か物の端や最後尾も指す。"
produce,生産する; 作る; 農産物,"何かを作り出す行為。また、栽培されて販売される農産物。"
fact,事実; 真相,"実際に起こったことや、存在することが証明されていること。"
street,通り; 街路,"家や建物の間にあり、車両や人が通るための舗装された道。"
inch,インチ,"長さの単位。1フィートの12分の1。"
multiply,掛ける; 増やす,"数と数を合わせてその合計を求めること、または数や量が増えることを意味します。"
nothing,何もないこと; 無,"全く存在しない状態や物。価値や重要性のないことも指す。"
course,コース; 講座,"特定の方向、経路、または一連の出来事。また、学習や訓練のための連続した授業。"
stay,泊まる; 滞在する,"ある場所に一時的にとどまること。または、現在の状態や位置を維持すること。"
wheel,車輪; ハンドル,"円形で回転する、物体の運動や移動を助ける装置。車の運転に使うハンドルも指す。"
full,いっぱいの; 満員の,"容量の最大限まで満たされている状態。または、何かが多く存在している状態。"
force,力; 強制する; 軍隊,"人や物を動かしたり押したりする物理的な力。または、何かを無理やり行わせることやその集団のこと。"
blue,青; 青色,"色の名前の一つで、空や海の色。"
object,物; 対象,"物体や対象となるもの。目標や目的、または批判や反対の対象となることも意味する。"
decide,決める; 決定する,"複数の選択肢の中から一つを選ぶこと。"
surface,表面; 地表,"物体の外側または一番上の部分。水や地球などの外側の層も指す。"
deep,深い,"表面から遠くまで広がっていること。または、程度が強いことや内容が複雑なこと（感情、考えなど）。"
moon,月,"地球の周りを回る天然の衛星。夜空に見える明るい天体。"
island,島,"四方を水に囲まれた陸地。"
foot,足; 脚,"体の末端にある、歩くための部分。また、測定単位の一つで、約30.48センチメートル。"
system,システム; 制度,"相互に関連する部分から成り、特定の機能や目的を持つ全体。または、社会的な組織や仕組み。"
busy,忙しい,"することが多くて、時間がなく、働いている状態。"
test,テスト; 試験,"知識や能力を測るための検査。"
record,記録; 成績; レコード,"過去の出来事や事実を書面に残すこと。スポーツなどの成績。"
boat,ボート; 舟,"水上を浮かぶための小さな乗り物。"
common,普通の; 共通の,"多くの人や物にあてはまる、または共有されていること。一般的であること。"
gold,金,"貴金属の一種。光沢があり、非常に価値が高いことで知られ、装飾品、通貨、工業用途に使われる。"
possible,可能な; できる,"起こりうる、または実行できる状態であること。"
plane,飛行機; 平ら,"空を飛ぶ乗り物。または、平らで水平または傾斜のある表面。"
stead,代わりに; 援助,"〜の代わりに（in stead of の形で）。また、助けや援助を意味することも。"
dry,乾いた; 干す; 乾燥した,"水分が少ない、または全くない状態。水分を取り除くこと。"
wonder,驚き; 不思議,"驚嘆や感動の感情。また、不思議なことや人について考えること。"
laugh,笑う,"面白さや喜びなどを感じて、口を開け声を立てる行動。"
thousand,千; 多数,"1000という数を表す；または漠然と非常に多くの数を表す。"
ago,〜前,"過去のある時点から現在までの期間を示す。"
ran,走った,"run（走る）の過去形。速く移動したことを示す。"
check,確認する; 点検する; 小切手,"何かを正しいか、または期待通りか調べること。支払いのため銀行に提出する書面。"
game,ゲーム; 試合,"娯楽や競争のために、設定されたルールに従って行われる活動。コンピュータゲーム、ボードゲーム、スポーツなどが含まれる。"
shape,形; 形状,"物体の外面的な輪郭や構造。または、何かの決まった形にする行為や状態。"
equate,等しいとする; 同等に扱う,"二つ以上のものを同じ価値や重要性を持つと見なすこと。"
hot,熱い; 暑い,"温度が高いこと。体温や気温が高いと感じられる状態。"
miss,見逃す; 乗り損ねる; 寂しく思う,"何かを逃したり、機会を失ったりすること。また、いない人や失われたものを寂しく感じること。"
brought,持ってきた,"持ってくる（bring）の過去形および過去分詞形。何かをある場所から別の場所に移動させたことを示す。"
heat,熱; 加熱する,物の温度が高い状態、または物を温めること。
snow,雪,"大気中の水分が凍結して地上に降る結晶状のもの。"
tire,タイヤ; 疲れさせる,"車や自転車などの円形のゴム製部品。人や物を疲労させることも意味する（動詞として使用される場合）。"
bring,持ってくる; 連れてくる,"物や人を自分のいる場所に移動させること。または何かをもたらしたり引き起こしたりすること。"
yes,はい,"賛成、肯定、または確認を示す言葉。"
distant,遠い,"時間的、空間的に離れていること。"
fill,満たす; 詰める,"容器などを物でいっぱいにする。または、空いている場所や時間を埋める。"
east,東; 東方,"日の昇る方角。方角の一つ。"
paint,絵の具; ペンキ; 塗料,"色をつける液体で、塗ることで表面を保護したり装飾したりするもの。"
language,言語,"話したり書いたりする際に、互いにコミュニケーションするために使われる体系的な言葉の集合。"
among,〜の中に（囲まれたもの）; 〜の間で; 〜の中で（多数の中から）,"複数のものに囲まれている状態や、複数の人や物の一部であることを示す。"
grand,壮大な; 素晴らしい; 主要な,"非常に大きい、印象的な、または重要なさま。"<<ETD>>壮大な計画。"<<ETD>>素晴らしい景色。
ball,ボール,"球状のもの。特に、スポーツなどで使われる。"
yet,まだ; しかし; それでも,"時間的にまだ起こっていないこと、または期待されていることが起こっていないことを示す。逆接の意味で使われることもある。"
wave,波; 振る,"水面にできる動き。また、手を振って挨拶や合図をすること。"
drop,落ちる; 落とす; 滴,"高い所から下に動くこと、または何かを下に落とすこと。液体の滴を示すこともある。"
heart,心臓; 心,"人間の体の内部にある、血液を循環させる器官。感情や精神の中心としても使われる。"
am,〜である,"be動詞の一人称単数現在形。「私は〜である」「私は〜にいる」などのように、主語と補語を結びつけたり、存在を示したりする。"
present,プレゼント; 現在; 提示する,"贈り物、今いる時間、または見せたり与えたりすること。"
heavy,重い,重量が大きい、または多くの力が必要な状態。
dance,踊る; ダンス,"動きとリズムに合わせて体を使って行う芸術または活動。"
engine,エンジン,"車や機械などを動かすための動力源。"
position,位置; 地位; 役職,"人や物が置かれている場所、または組織や社会での重要性や役割。"
arm,腕; 武器,"肩から手首までの体の一部。または、戦闘に使用される道具。"
wide,広い,"一端からもう一端までの距離が大きいこと。広い範囲にわたること。"
sail,帆; 航海する,"風を受けて舟を進めるための布。または、舟で水上を進むこと。"
material,材料; 素材; 物質,"何かを作るのに使われるもの。生地などの服の素材や、研究対象の物質などを指す。"
size,大きさ; サイズ,"物事の寸法、ひいては規模や重要度を示す。"
vary,変わる; 様々である,"状況や条件によって異なる状態になること。範囲を持って変化すること。"
settle,解決する; 定住する,"論争や問題に結論を出す、またはある場所に永続的に住み始める。"
speak,話す; しゃべる,"言葉を使って考えや気持ちを伝える行為。言語を用いること。"
weight,重さ; 体重,"物体が持つ重力によって下向きにかかる力、または物質の量。特に生物では体の重さ。"
general,一般的な; 全体の; 大半の,"広範囲にわたる、特定の分野に限られない、または大多数に共通するさま。軍隊の階級で最高位に近い役職を指すこともある。"
ice,氷; アイス,"水が凍結して固体になったもの。"
matter,事; 問題; 重要である,"物事や状況。解決する必要のある問題。何かが重要であること。"
circle,円; 丸; 輪,"中心から等距離にあるすべての点を集めた平面図形。または、何かが丸い形や輪の形をしていること。"
pair,ペア; 一組; 夫婦,"二つで一つとなるもの、特に靴下やイヤリングなど同じ種類の二つのもの。また、男女の二人組。"
include,含む; 含める,"全体の一部として何かを持つことや、リストやグループに入れること。"
divide,分ける; 分割する; 割る,"全体をいくつかの部分に分けたり、グループに分けたりすること。また、数を等しい部分に分けること。"
syllable,音節,"単語の発音の単位。通常、母音を一つ含んでいる。"
felt,フェルト,"フェルト、または感じるの過去形・過去分詞形。"
perhaps,たぶん; おそらく,"不確実性を示す副詞。「おそらく」「もしかすると」という意味で使われる。"
pick,選ぶ; 摘む,"多数の中から一つまたは複数を選び出す。手で物（特に果物や花など）を摘み取る。"
sudden,突然の; 急な,"予想していなかった、または急に起こる様子。"
count,数える; 計算する,"数や量を一つずつ確かめること。計算で合計を出すこと。"
square,四角; 正方形,"四つの辺の長さがすべて等しく、四つの角がすべて直角である図形。"
reason,理由,なぜ何かが起こるのか、または誰かが何かをするのかの根拠または説明。
length,長さ,"物や空間の一端からもう一端までの距離。時間の長さも指す。"
represent,代表する; 表現する,"特定の集団や思想などを代弁する、またはそれらを象徴的に示すこと。"
art,芸術; 美術; アート,"創造的な技能や想像力を使って、絵画や音楽、文学などの形で何か美しいものや感情を表現すること。"
subject,主題; 被験者; 科目,"議論や研究の対象となるもの、または学ばれる専門分野。心理学の実験などにおける被験者も指す。"
region,地域; 地方,"ある特定の範囲または区域。"
energy,エネルギー,"活動や仕事を行う能力。体力や気力。"
hunt,狩る; 狩り,"動物などを追いかけて捕まえること。または、何かを探し回ること。"
probable,可能性の高い; ありそうな,"起こりうる、または真実である可能性が非常に高いことを示す。"
bed,ベッド,"寝たり休んだりするために使う家具。"
brother,兄; 弟,"同じ両親から生まれた男性の兄弟。年長の男性を指す場合（兄）、または年下の男性を指す場合（弟）がある。"
egg,卵,"鳥や爬虫類などが産む、硬い殻に包まれた丸い形のもの。主に食物として使われる。"
ride,乗る; 乗車,"乗り物（自転車、車、馬など）に乗ること。または、その乗り物での移動。"
cell,細胞; 電池; 小部屋,"生物の基本的な単位。または、電気エネルギーを供給する装置。刑務所などの小さな部屋も指す。"
believe,信じる,"真実である、または存在すると考える。誰かの言うことが本当だと思うこと。"
fraction,分数,"全体の一部分を示す数、特に分子を分母で割ったもの。"
forest,森; 森林,"多くの木が生い茂っている広い土地。"
sit,座る,"椅子や地面などに腰を下ろすこと。"
race,競争; 人種,"速度や能力を競うこと。または、共通の祖先、外見、文化を持つ人々の集団。"
window,窓,"建物の壁などに開けられた、光を取り入れたり外を見たりするための開口部で、ガラスなどがはめ込まれているもの。"
store,店,"商品やサービスを販売する場所。"
summer,夏,"一年で最も暑い時期。春と秋の間。"
train,列車; 電車; 訓練する,"レール上を走る乗り物。または、技術や能力を高めるために練習すること。"
sleep,眠る; 睡眠,"休息のために意識を失うこと。またはその状態。"
prove,証明する; わかる,"何かがあるいは真実であることを証拠によって示すこと。また、特定の性質や結果を持つことがわかること。"
lone,孤独な; 一人きりの,"他の誰とも一緒でない様子。孤立している、または単独であることを示す。"
leg,足; 脚,"動物や人間の体を支え、歩いたり立ったりするための体の部位。"
exercise,運動; 練習; 訓練,"健康や体力を保つために体を動かすこと。特定の技術や知識を習得するための反復的な活動。"
wall,壁,"建物や部屋を囲む垂直の面。"
catch,捕まえる; 気づく,"動いている人や物を追いかけて手に入れること。また、何かを理解したり気づいたりすること。"
mount,乗る; 設置する; 登る,"自転車や馬などにまたがって乗る。何かを固定して設置する。山などに登る。"
wish,願う; 願い,"何かを手に入れたい、または実現したいという強い気持ち。またはその気持ちを表す行為。"
sky,空,地球上から見える上空の空間。
board,板; 委員会; 乗り物に乗る,"平らで細長い木材や他の素材。組織の決定を下すグループ。飛行機や船などに乗り込むこと。"
joy,喜び; うれしさ,"幸福感や満足感を伴う強い感情。楽しさや陽気な気持ち。"
winter,冬,"一年の中で最も寒く、通常は雪が降る季節。"
sat,座った,座る（sit）の過去形および過去分詞形。
written,書かれた; 筆記の,"書く行為によって作られたもの。書面による。Writeの過去分詞形。"
wild,野生の; 荒々しい,"自然に生息している、人に飼育されていない状態。または、制御されていない、荒っぽい、予測不可能な様子。"
instrument,楽器; 手段; 器具,"音楽の演奏に使われるもの。または、特定の目的を達成するための道具や手段。"
kept,保たれた; 預けられた,"keep（保つ、預けるなど）の過去形および過去分詞。"
glass,ガラス; コップ,"主に透明な素材で、窓やびんに使われる。また、液体を飲むための容器。"
grass,草,"植物の葉のような細長い緑色の部分で、地面を覆っているもの。またはその全体。"
cow,雌牛; 牛,"ウシ科の動物で、特に成体の雌。牛乳を出し、肉として食べられる。"
job,仕事; 職務,"お金を稼ぐために行う作業や義務。特定の役職や地位を指すこともある。"
edge,端;へり,"物体の外側や終わりの部分。鋭利な部分も指す。"
sign,兆候; 合図; 標識,"何かを示すしるしや記号。未来の出来事の予兆や、指示を与えるための印。"
visit,訪れる; 訪問,"誰かに会うために、または場所を見るために行くこと。"
past,過去,"現在よりも前の時間、または過去の出来事。"
soft,柔らかい; 穏やかな,"触ったときに硬くない、または強くない状態。音などが静かで優しい様子。"
fun,楽しい; 楽しみ,"娯楽や喜びを感じさせること、またはその状態。遊びや活動が面白く、満足できる様子。"
bright,明るい; 輝く,"光が多く、よく見えるさま。または、希望に満ちている、利発であるさま。"
gas,ガス,気体状の物質、特に燃料として使われるものを指す。
weather,天気; 天候,"大気の状態（例：雨、晴れ、曇り、風など）。"
month,月,"1年を約12に分けた期間。約30日。"
million,百万,"数の単位で、1の後に0が6つ続く数（1,000,000）。"
bear,クマ; 運ぶ; 耐える,"大型の哺乳類。また、何かを運んだり、困難に耐えたりすること。"
finish,終える; 終り; 完了する,"何かを全部やり遂げること、または何かの最後の部分や状態。"
happy,幸せな; 嬉しい,"気分が満たされていて、喜びに溢れている状態。"
hope,希望; 望む,"良いことが起こることを願う気持ちや、その可能性。"
flower,花,"植物の、多くの場合色や匂いのある部分。多くの場合、実を結ぶ。特に切り花として観賞用に用いられる。"
clothe,服を着せる; 衣装,"誰かに服を着せる行為、または特定の種類の衣類全般を指す。"
strange,奇妙な,普通ではない、理解または説明が困難な様子。
gone,行った; なくなった,"行ってしまってもういない状態。または、存在しなくなった、使い果たされた。"
jump,跳ぶ; ジャンプする,"地面を離れて空中へ素早く移動する動作。ぴょんと飛び上がる。"
baby,赤ちゃん; 幼児,"生まれて間もない人間。"
eight,8; 八,"数字。7の次に来る数。"
village,村,"比較的小さい人の居住区。"
meet,会う; 出会う,"人に出会ったり、面会したりすること。また、会議などで集まること。"
root,根; 根本,"植物の地下部分。また、物事の起源や原因。"
buy,買う,"お金を払って何かを手に入れる行為。"
raise,上げる; 育てる; 募集する,"物を高い位置へ動かすこと。子どもや作物を育てること。資金などを集めること。"
solve,解決する; 解く,"問題や疑問に対し、答えや解決策を見つけ出すこと。"
metal,金属,"鉄、銅、アルミニウムのように、光沢があり電気や熱をよく伝える固体物質。"
whether,〜かどうか,"二つの選択肢のどちらかが真実であるか、または何かが不確かであることを示す接続詞。"
push,押す; プッシュ,"前に向かって力を加えて動かすこと。ボタンなどを押す操作。"
seven,七; 7,"数を数えるときに使われる整数のうちで、六の次で八の前の数字。"
paragraph,段落,"文章全体の中で、互いに関連する考えや情報を含む独立した区切り。"
third,第三の,"3番目の、順序や位置が3番目であることを示す。"
shall,〜でしょう; 〜しましょう; 〜するべきである,"未来の行動、提案、約束、または義務を示す助動詞。"
held,持つ; 行われる,"holdの過去形・過去分詞。何かを手に保っていた状態、または会議やイベントなどが行われたことを示す。"
hair,髪; 毛,"頭や体から生える細い繊維状のもの。"
describe,説明する; 記述する,"人や物事の特徴や様子などを言葉で伝えること。"
cook,料理する; 料理人,"食べ物を熱して調理する行為、またはそれを職業とする人。"
floor,床; 階,"建物の表面、または建物の各階層。"
either,どちらか一方の; あるいは,"「AかBか」の選択肢のうち、どちらか一つを表す。否定文とともに使われる場合、どちらも〜ない、という意味になる。"
result,結果; 成り行き,"ある行動や出来事によって生じる、最終的な状況や成果。"
burn,燃やす; 焦がす; 炎上する,"火をつける、または火によって破壊されること。熱によって損傷を受けることも意味する。"
hill,丘,"地面が周囲よりも盛り上がっている小さな山。"
safe,安全な; 無事な,"危険がなく、傷つけられたり失われたりする可能性が低い状態。"
cat,猫,"ネコ科の、屋内でペットとして飼われることの多い小さな哺乳類。"
century,世紀; 100年間,"100年間を指す時間の単位。"
consider,考える; 検討する,"何かについて注意深く考えたり、決定を下す前に詳しく調べたりすること。"
type,種類; 型; タイプ,"分類されたもののグループやカテゴリー。特定の形式やスタイル。"
law,法; 法律,"社会の規則や制度で、政府が定め、強制する決まり。"
bit,少し; 断片,"小さな量や部分。情報の最小単位。"
coast,海岸; 沿岸,「海、湖、または大きな川の岸。陸と水が出会う場所。」
copy,写し; 複写; コピー,"元のものと全く同じものを作るか、作られたもの。"
phrase,句; フレーズ,"単語がいくつか集まって、文の中で一つのまとまった意味や働きをするもの。"
silent,静かな; 無言の,"音を立てない、または言葉を発しない状態。"
tall,背が高い,身長が高いこと、または建物の高さがあること。
sand,砂,砂浜などの細かい岩石や貝殻の破片が集まったもの。
soil,土壌; 土,"地面の表面にある、植物が育つための物質。"
roll,転がる; 巻く; 回る,"丸い形をしたものが表面を移動すること。または、薄いものを円筒形にすること。"
temperature,温度; 気温; 体温,"物体の熱さや冷たさの度合いを示す物理量。天気や体調について話す際にも使われる。"
finger,指,"手足の先端にある細長い部分。"
industry,産業; 工業,"経済活動の一部で、特定の種類の製品やサービスを生産する事業全体。"
value,価値,"何かや誰かが持つ、重要性や有用性の度合い。"
fight,戦い; 戦う,"争いや論争のこと。また、物理的または言葉で相手と争う行為。"
lie,横になる; 嘘をつく,"体を平らに休めること。または意図的に真実ではないことを話すこと。"
beat,打つ; たたく; 負かす; 鼓動,"繰り返し何かを打ったりたたいたりすること、または競争相手に勝つこと。心臓が規則的に動く音も指す。"
excite,興奮させる; わくわくさせる,"強い感情や興奮を引き起こすこと。"
natural,自然の; 天然の; 当たり前の,"人工的でない、または人為が加わらずに存在する様子。また、当然であることや不自然でない状態を指す。"
view,眺め; 景色; 見解,"目で見たもの（特に風景など）、または意見や考えを指す。"
sense,感覚; 意味,体を使って得られる知覚（視覚、聴覚など）や、言葉が持つ意味。物事を理解する能力も含む。
ear,耳,音を聞くための体の器官。
else,他の; 別に; さもないと,"それ以外の。別のもの、人、または場所を指す。"
quite,かなり; けっこう,"程度が予想よりも高いことを示す副詞。完全にではないがある程度。"
broke,無一文の; 破産した,"お金が全くない状態。または、経済的に破綻した状態。"
case,場合; 事例; 箱,"特定の状況や出来事; 何かの具体例; 物を入れるための容器。"
middle,真ん中; 中央,"中心または等しい距離にある場所や物。中間の部分。"
kill,殺す,"人、動物、または生命体を死に至らしめること。行動を終わりにする、または計画を台無しにすることにも使われる。"
son,息子,"自分の男性の子供。"
lake,湖,"水で満たされた大きな自然の窪地で、周囲が陸地で囲まれているもの。"
moment,瞬間; 時,"非常に短い時間のこと。特定の時点や大切な機会も指す。"
scale,規模; はかり; うろこ,"物事の大きさや程度。重さを量る道具。魚などの体表を覆う硬い皮。"
loud,うるさい; 大声の,"大きな音や声が出ている様子。または、色の派手さを表すこともある。"
spring,春; ばね; 泉,"一年で冬と夏の間の季節。または、押すと元の形に戻る金属などの部品。または、地面から水が湧き出る場所。"
observe,観察する; 守る,"注意深く見る; 法や規則に従う。"
child,子供,"若い人間、特に、まだ大人ではない男の子または女の子。"
straight,まっすぐ; 直線の,"曲がっていないこと。また、率直なことや正直なさま。"
consonant,子音,"母音を除く音声で、口の中で空気の流れが部分的にまたは全体的に遮られることによって生成される音。"
nation,国家; 国民,"人々が共有するアイデンティティ、文化、歴史、または領土を持つ集団または政治的組織体。"
dictionary,辞書,"単語とその定義、翻訳などをアルファベット順などに並べた書籍や電子情報。"
milk,牛乳,"哺乳類の乳から得られる、白く栄養価の高い液体。飲み物や食品に使われる。"
speed,速度; 速力; スピード,"速く動くこと、または動く速さ。時間あたりの距離で測定される。"
method,方法; やり方,何かを行うための特定の、または体系的な手順や計画。
organ,臓器,"生物の体内にあって、特定の働きをする組織のかたまり。"
pay,支払う,"労働やサービスの対価としてお金を渡すこと。"
age,年齢; 年,"人が生まれてからの年数。時代の期間も意味する。"
section,部分; 項; 課; 区分,"全体をいくつかの部分に分けた一つ。特に、文章や組織、地域などの切り分けられた部分。"
dress,ドレス; 服,"特に女性が着る、上衣とスカートがつながった一着の服。一般的にフォーマルな機会に着られるものを指すことが多い。"
cloud,雲,"水蒸気が凝結して空中に浮かぶ、小さな水滴や氷の粒の集まり。"
surprise,驚き; 驚かす,"予期しない出来事や物に対して感じる感情。または、誰かを驚かせる行為。"
quiet,静かな,"音があまりしない状態。"
stone,石,"岩や鉱物などが固まったもの。建材や彫刻などに使われる。"
tiny,ごく小さい; ちっぽけな,"非常に小さいこと。微細なさま。"
climb,登る; よじ登る,"手や足を使い、高い場所へ移動すること。"
cool,涼しい; かっこいい,"少し冷たい温度であること。素晴らしい、または流行っているという意味の俗語としても使われる。"
design,設計; デザイン,"ものを作るための計画や図案。見た目や機能性を考慮して形などを決めること。"
poor,貧しい; かわいそうな,"財産や金銭が少ない状態。または、同情や哀れみを誘う状態。"
lot,たくさん; 大量,"多くの量や数を表現する際に使われる。"
experiment,実験; 試み,新しい知識を得るため、または理論を検証・証明するために行う科学的な手順または試み。
bottom,底; 下部,"物や場所の一番下の部分。また、何かが非常に低い状態や位置を指す。"
key,鍵; 重要な; 解決策,"ドアなどを開けるための道具。問題などを理解したり解決したりするための重要な要素。"
iron,鉄; アイロン,"金属元素で、硬く丈夫。衣服のしわを伸ばす道具も指す。"
single,独身の; 単一の,"一つだけの、または結婚していない状態を表す。"
stick,棒; 枝; くっつく,"細長い木の棒やくず。または、何かにしっかりと固定されること。"
flat,平らな; アパート,"表面に凸凹がないさま。または、集合住宅の一室。"
twenty,20; 二十,"数値の20。10の2倍の数。"
skin,皮膚; 肌,"人間や動物の体表面を覆っている組織。"
smile,笑顔; 微笑み,"喜びや親愛の感情を表すため、口元を広げて見せる表情。また、人を喜ばせたり優しさを伝えたりする行為。"
crease,折り目; しわ,"布や紙などにできる、折ったり圧縮したりした際にできる線や跡。"
hole,穴,"地面や物にある開いた隙間や空間。"
trade,貿易; 取引; 商売,"物やサービスをお金と交換すること。または、異なる国間で商品やサービスを交換すること。"
melody,メロディー,"音楽で、高さとリズムを持つ一連の音の連なり。"
trip,旅行; 短い旅,"どこかへ行く、特に楽しみのために短い期間別の場所へ行くこと。"
office,オフィス; 事務所,"仕事をするための部屋や建物。会社の業務が行われる場所。"
receive,受け取る; 受け取る,"何かを与えられたり送られたりして、自分のものにする。情報などを得ることも意味する。"
row,漕ぐ; 列,"ボートなどを水面で進めるためにオールを使う動作。また、一直線に並んだ人や物。"
mouth,口,"人や動物の顔にあり、食べ物を取り込んだり、話したり声を出すために使う器官。"
exact,正確な; 的確な,"間違いがなく、すべてが事実や基準に完全に一致していること。"
symbol,記号; 象徴,"何かを代表したり、特別な意味を持つ印や図形。"
die,死ぬ,生命活動が停止して、生きている状態が終わること。
least,最小; 最も少ない,"程度や大きさが最も低いか少ないことを示す。"
trouble,困難; 問題; 迷惑,"苦労、困難、または心配事。人や物に迷惑をかけることや、そうした状態。"
shout,叫ぶ; 大声,"大きな声で何かを言う。特に、感情や注意を引くために。"
except,〜を除いて; 以外は,"特定の物や人が他のものとは違う、または含まれていないことを示す。例外を表す。"
wrote,書いた,"write（書く）の過去形。言葉や文字を書き記した。"
seed,種,"植物が成長するための胚と、それを覆う皮を持つもの。"
tone,音色; 調子,"音の高さ、質、または声や音楽の独特な響き。話し方から伝わる感情や態度。"
join,参加する; 加わる,"集まりや組織の一員になること。または、人々と一緒に何かをすること。"
suggest,提案する; 示唆する,"計画やアイデアを提示する、または婉曲的に何かを示したりほのめかしたりする。"
clean,きれいな; 掃除する,"汚れていない、または汚れを取り除くこと。形容詞としても動詞としても使われる。"
break,壊す; 破る; 休憩,"物理的に物を壊したり、規則や慣習を破ったりすること。また、仕事や活動を一時的に中断して休むこと。"
lady,女性; 淑女,"礼儀正しく洗練された女性のこと。特に上流階級の女性や、丁寧な呼び方として使われる。"
yard,庭; ヤード,"家や建物の周りの地面の部分。長さの単位（約0.914メートル）。"
rise,上がる; 昇る; 増える,"高くなる、上へ動く、または数量などが増加すること。"
bad,悪い; 下手な,"品質や状態がよくない。行動が間違っている。技術や能力が劣っている。"
blow,吹く; 強打する,"風、息などを送り出して動かすこと。または、何かを強く打つこと。"
oil,油; 石油; オイル,"液体で、水と混ざらず、燃料や潤滑、料理などに使われるもの。"
blood,血,"生物の血管内を循環する液体。酸素や栄養を運び、老廃物を排出する働きがある。"
touch,触れる; 感触,"指などで物に軽く当てる。「感触」や「触覚」という意味もある。"
grew,育った; 成長した,"growの過去形。育つ、成長する、大きくなるという意味。"
cent,セント,"アメリカやカナダなどの硬貨で、100分の1ドルに相当する。"
mix,混ぜる; 混合する,"2つ以上のものを一緒にして、一つにすること。"
team,チーム,共通の目標のために協力する人々の集団。
wire,針金; ワイヤー,"金属でできた細く長い線。電気を通したり、形を作ったりするのに使われる。"
cost,費用; コスト,"何かを得るために支払う金額や必要な努力。"
lost,失われた; 道に迷った,"見つけられない状態にある、または道を間違えて目的地にたどり着けない状態を指す。"
brown,茶色; 褐色,"栗や土のような色。赤と黄の中間の色。"
wear,着る; 身に着ける,"衣服、アクセサリーなどを体に付けること、または時間が経つにつれて劣化することを意味する。"
garden,庭,"花、木、野菜などが植えられている土地の区域。"
equal,等しい; 平等,"大きさが同じであること。価値や権利が同じであること。公平であること。"
sent,送られた; 送った,"sendの過去形および過去分詞。何かを他の人や場所へ送る、または届けることを意味する。"
choose,選ぶ; 選択する,"いくつかの選択肢の中から一つまたは複数決定して受け入れる行動。"
fell,倒れた; 切り倒した,"fall（倒れる）の過去形。また、木などを切り倒すこと。"
fit,合う; 適する,"サイズ、形、または目的にぴったりであること。健康的であること。"
flow,流れる,"水などが途切れずに移動する様子、または物事が淀みなく進行する様子。"
fair,公平な; 公正な; かなり良い; 見本市,"人に対して偏りなく接したり、状況が妥当であること。また、質が良いとは言えないが許容範囲のこと。人が集まり、商品などが展示・販売されるイベント。"
bank,銀行; 土手,"お金を預けたり融資したりする機関。または、川や湖の縁の土や土地のこと。"
collect,集める; 収集する,"物や情報を一つにまとめること、あるいは同じ種類のものを集めること。"
save,救う; 助ける; 節約する,"危険や困難から人や物を守ること。または、資源やお金などを無駄遣いせずにとっておくこと。"
control,コントロール; 制御; 支配,「何かをうまく管理したり、力を及ぼしたりすること。感情や行動を抑えること。」
decimal,小数,"整数の一部を表すために、小数点を使用して表現される数。"
gentle,優しい; 温和な,"穏やかで、親切な性質や態度を持つこと。力を入れずに扱うことも含む。"
woman,女性; 女の人,"成人の女性の人。"
captain,船長; 機長; キャプテン,"船や飛行機など、様々なチームや組織のリーダー。"
practice,練習; 実行,"何かを繰り返し行って習得すること。または、実際に何かを行うことや習慣。"
separate,分ける; 別々の,"一つ以上のものや人を分割したり、区別したりすること。異なる、独立した状態。",形容詞としては、「離れた」、「別の」という意味。
difficult,難しい; 困難な,"理解したり、したりするのが容易ではないこと。問題を抱えていたり、骨が折れる様子。"
doctor,医師; 医者,"病気や怪我を治療する専門家。"
please,お願いします; どうぞ,"丁寧な依頼や要求をする時に使う言葉。"
protect,保護する; 守る,"危険や損害から人や物を安全に保つこと。"
noon,正午,"午前12時、または昼の真ん中の時間。"
whose,誰の,"誰のものか、または誰に関連しているかを示す所有格の関係代名詞。"
locate,見つける; 位置する,"何かや誰かを見つけ出すこと、または特定の場所に存在することを意味する。"
ring,指輪; 輪; 鳴る,"指にはめる装飾品。円形の物体。電話やベルが音を出すこと。"
character,性格; 人物; 文字,"人や物の特徴や性質。物語中の登場人物や、書くための記号も指す。"
insect,昆虫; 虫,"昆虫綱に属する、体が頭部、胸部、腹部の三つの部分に分かれており、通常は六本の脚を持つ小動物。"
caught,捕らえられた; 捕まった,"catch（捕まえる）の過去形および過去分詞形。（何かを）捕まえられた、または罠にかかった状態。"
period,期間; 時代; 句点,"ある事象、活動、または状態が継続する一定の時間。また終了を示す句読点（.）。"
indicate,示す; 指す,"何かのサインであること、あるいは何かを伝えることを示す。"
radio,ラジオ,"音声放送を送信、または受信する装置。また、その放送自体。"
spoke,話した; スポーク,"話す動詞の過去形。自転車や車輪の車軸とリムをつなぐ棒。"
atom,原子,"物質を構成する最小の単位の一つ。"
human,人間; 人類の,"ヒト科の霊長類。知性があり、言葉を使い、社会的な生活を送る。"
history,歴史,"過去に起きた出来事や、それらを研究する学問のこと。"
effect,効果; 影響; 結果,"ある出来事によって引き起こされる結果や変化。何かを行うことによって生じる作用。"
electric,電気の,"電気に関する、または電気によって動く状態"
expect,期待する; 予期する,"何かが起こるだろう、または誰かが何かをするだろうと予測する。"
crop,作物; 収穫高,"田畑で栽培される植物、またはそこから収穫されたもの。"
modern,現代の; 近代の,"現在または比較的最近の時代やスタイルに属していること。"
element,要素; 元素,"物の基本的な構成部分、または集まりを構成する重要な部分。化学では、これ以上単純な物質に分解できない基本的な物質。"
hit,打つ; 叩く,"何かを強くぶつける行為。成功することや、目標に到達することも意味する。"
student,学生; 生徒,"学校や大学で学んでいる人。"
corner,角; 隅,"建物や物体の二面が交わる場所。または、道路が曲がるところ。"
party,パーティー; 党,"人々が集まって楽しむ会。または、特定の信念を持つ政治団体。"
supply,供給; 支給; 在庫,"必要なものを与えること、または手に入れることができる物の量。"
bone,骨,"人や動物の体の硬い部分で、骨格を形成するもの。"
rail,鉄道; 手すり; 柵,"列車が走るための線路。また、人がつかまったり、物が落ちないようにしたりするための棒や柵。"
imagine,想像する; 思い描く,"心の中で何かを考える、または絵やイメージを作り出すこと。"
provide,提供する; 供給する,"必要なものや要求されたものを与える、または供給する。"
agree,同意する; 賛成する,"意見や立場に賛成すること。または、合意に達すること。"
thus,このように; それゆえに,"前の文で述べられた結果として起こること、またはそのように行われる方法を示す。"
capital,首都; 大文字; 資本,"国の政治や行政の中心地。文の最初や固有名詞に使う大きな文字。事業を始めるためのお金や資産。"
won't,しないでしょう; 〜しないだろう,"未来に対する拒否や意志の否定を表す動詞will notの短縮形。"
chair,椅子,"座るために使われる家具。通常、背もたれと4本の脚がある。"
danger,危険,"人や物が傷ついたり破壊されたりする可能性のある状況。"
fruit,果物,"植物がつける、食用になる甘い実。"
rich,裕福な; 豊かな,"財産や資源を多く持っている状態。食べ物などが栄養豊富または味が濃いことも指す。"
thick,厚い; 太い,"物体が分厚いことや、液体がドロっとしていること。または、密集している様子。"
soldier,兵士,"軍隊の一員として戦う人。"
process,工程; 過程; 処理する,"特定の目的を達成するために行われる一連の活動や段階。情報などを処理することも意味する。"
operate,操作する; 運転する; 手術する,"機械やシステムなどが正しく機能するように動かすこと。また、ビジネスや組織を管理・運営すること。医療においては手術を行うことを指す。"
guess,推測; 当てる,"正確な知識を持たずに何かを判断したり述べたりすること。正解を予測すること。"
necessary,必要な,"なくてはならない、または避けられないもの。"
sharp,鋭い; 切れ味の良い,"切れる、または尖っている様。はっきりしていることや、頭の回転が速いことも指す。"
wing,翼,"鳥や飛行機などが飛ぶための器官や部分。"
create,創造する; 作る; 生み出す,"何か新しいものを存在させること。芸術作品やアイデアなどを考え出し、形にすること。"
neighbor,近所の人; 隣人,"同じ場所や近くに住んでいる人。"
wash,洗う,"水で汚れや不純物を取り除く。"
bat,バット; コウモリ,"野球でボールを打つのに使う道具。また、夜空を飛ぶ哺乳動物。"
rather,むしろ; いくらか; かなり,"あるものより別のものを好む気持ちや、程度がやや多いことを示す。"
crowd,群衆; 人混み,"多くの人が集まっている状態や場所。"
corn,とうもろこし,"イネ科の植物で、黄色い実を食用にするもの。またはその食用部分。"
compare,比較する,何かと何かを比べて、似ている点や異なっている点を見つけること。
poem,詩,"詩的な形式や構成に従って書かれた文学作品。"
string,文字列; 紐,"複数の文字が並んだもの（コンピュータ用語）。細長く柔らかいものを指す。"
bell,鐘; 鈴; ベル,"金属などでできた椀状の器具で、叩いたり振ったりして音を出す。時間を知らせたり、注意を引いたりするのに使う。"
depend,頼る; 次第である,"何かや誰かに支援や助けを求めること。結果や状況が別の要素によって決まることを示す場合にも使う。"
meat,肉,"人間が食物として食べる動物の体の一部。"
rub,こする; 摩擦する,"表面に圧力をかけながら何か動かすこと。また、そのような動き。"
tube,チューブ; 管,"中が空洞で、円筒形の長いもの。液体、気体、固形物などを運んだり、物を包んだりするのに使われる。"
famous,有名な,"多くの人に知られている、または広く認められている状態。"
dollar,ドル,"アメリカ合衆国や他の国で使われる通貨の単位。"
stream,小川; 流れ; 配信,"水の流れや細い川のこと。また、デジタルデータの連続的な流れ（動画・音声など）を指す。"
fear,恐れ; 恐怖,"危険や痛みを感じたときに生じる、不快な感情。"
sight,視力; 光景,"見る能力、または目で見えるもの。美しいものや珍しいものなど、見た光景も指す。"
thin,薄い; 細い,"厚みが少ないこと。または、標準より細いこと。"
triangle,三角形,"三つの直線で囲まれた平面図形。"
planet,惑星,"太陽や恒星の周りを公転する大きな天体。"
hurry,急ぐ,急いで物事を行うこと。または、速く移動すること。
chief,長; 主な,"集団や組織のリーダー。または、最も重要な部分や地位。"
colony,植民地; 群体,"外国、特に母国によって支配されている地域。また、同じ種の生物の集まり。"
clock,時計,"壁や机などに置いて時間を計る装置。"
mine,私のもの,"自分のものであることを示す代名詞。所有を表す。"
tie,結ぶ; ネクタイ,"物を締めたり固定したりするためにひもなどを使う行為。または、男性などが首に巻く飾りの布。"
enter,入る; 記入する,"場所や状況の中に入る、または情報などを書き込む、または登録すること。"
major,主要な; 大きな; 専攻,"他のものより重要または大きいこと。大学などで専門的に学ぶ分野。"
fresh,新鮮な; 新しい,"作られたばかりで、傷んでいない状態。また、以前とは異なる、新しいさま。"
search,探す; 検索する,"見つけるために、あるいは情報を得るために調べること。"
send,送る; 発送する,"何かをある場所から別の場所に送る。"
yellow,黄色; 黄色い,"色の名前。レモンのような色。"
gun,銃,"弾丸を発射するための武器。"
allow,許す; 認める,"許可や承認を与えること。可能にすること。"
print,印刷する; プリントする,"文字、絵、写真などを紙などに機械的に複製すること。また、その複製されたもの。"
dead,死んだ; 死んでいる,"生命活動が停止している状態。非活動的な、または機能していないことも意味する。"
spot,場所; 地点; 見つける,"特定の場所。または、何かを見つけ出すこと。"
desert,砂漠,"木があまり生えず、雨がほとんど降らない、乾燥した広い土地。"
suit,スーツ; 訴える; 適する,"男性または女性が着る上下揃いの服。また、法廷での訴え、またはある目的や状況に適していることを意味する。"
current,現在の; 今の; 流行; 流れ,"今起こっていること、または今一般的に使われていること。水や空気などが流れること。"
lift,持ち上げる; 上がる,"下から上へと物理的に動かすこと。また、段差を乗り越えるための昇降機（エレベーターなど）のこと。"
rose,バラ; 薔薇,"バラ科の低木。またはその花。"<<cl2>>
continue,続く; contine,"中断された活動や状態を再び始める、または続けること。"
block,ブロック; 塊; 妨げる,"四角い固まり。また、進行や流れを止める行為。"
chart,図; 表; 海図,"データや情報を視覚的に表現したもの。航海のための地図を指すこともある。"
hat,帽子,"頭にかぶる、柔らかい布やその他の素材で作られた覆い。"
sell,売る,"商品やサービスと引き換えにお金を受け取ること。または、自分の所有物を手放してお金を得ること。"
success,成功,"目標を達成することや望ましい結果を得ること。"
company,会社; 仲間,"共通の目的を持つ人々のグループ。特に事業を行う営利団体。また、一緒にいる人や集まりのこと。"
subtract,引く,数値を別の数値から取り除くこと。
event,イベント; 出来事,"特定の時間や場所で起こる、計画された、または重要な出来事。"
particular,特定の; 詳細な,特定の1つのものや、通常とは異なり特別なものを指す。また、細かい点や詳細にこだわることも意味する。
deal,取引; 契約; 量,"ビジネスや交渉における合意。問題に対処すること。または、ある程度の量。"
swim,泳ぐ,水中を移動すること。
term,期間; 用語,"特定の期間や期限。また、専門的な言葉や表現。"
opposite,反対の; 正反対の,"性質や位置が完全に異なること。全く逆である状態。"
wife,妻; 配偶者,"結婚した女性。"
shoe,靴,"足を保護し、歩くためにつま先からかかとまで覆う履物。"
shoulder,肩,"腕のつけ根の部分。"
spread,広がる; 広げる; 広める,"表面に広がる、または何かを広く行き渡らせる。情報などを広く知れ渡らせることも意味する。"
arrange,手配する; 配置する,"物事の順序や配置を決めることや、計画を立てて準備すること。"
camp,キャンプ,"屋外でテントなどに泊まること。また、その場所や活動。"
invent,発明する; 考案する,"新しい物や技術を考え出して作り出すこと。"
cotton,綿,"ワタ科の植物から取れる繊維で、糸や布の原料になるもの。"
born,生まれる,"誕生した、生まれた状態。"
determine,決定する; 決心する; 特定する,"物事の結論を出すこと。事実や正確な情報を明らかにする。"
quart,クォート; 946cc,"ヤード・ポンド法における体積の単位。約0.946リットル。"
nine,九; 9,"数え方。8の次の整数。"
truck,トラック,貨物や荷物を運ぶための大型の自動車。
noise,ノイズ; 騒音,"不快で耳障りな音。または、通信や信号における不要な妨害。"
level,レベル; 水平; 段階,"高さ、品質、重要度などの程度。また、物が水平である状態。"
chance,チャンス; 機会,"何かが起こる可能性。また、何かをするための好都合な状況や時。"
gather,集まる; 集める,"人や物が一緒に来る、または人や物を一つにまとめること。"
shop,店; 売店,"物を売ったりサービスを提供したりする場所。"
stretch,伸ばす; 広げる; 伸びる; 伸縮させる,"体の一部、物、または生地などを引き延ばして長くしたり広くしたりする。またはそれらが伸びる。"
throw,投げる; 放る,"手や機械を使って、物を空中を通り遠くへ移動させる行為。"
shine,輝く; 光る,"光を発する、または明るく照り返す。"
property,財産; 特性,"物や人が所有しているもの、または固有の性質や特徴。"
column,列; 柱; 段,"縦に並んだ人や物の列。表やスプレッドシートの縦の区画。建築物の柱。"
molecule,分子,"化学結合によって結びついた2つ以上の原子の集合体。"
select,選ぶ; 選択する,"複数の選択肢の中から一つまたは複数を選ぶこと。"
wrong,間違った; 悪い; 間違い,正しくない、または道徳的に受け入れられないこと。誤り。
gray,灰色; 灰色の,"白と黒の中間の色。"
repeat,繰り返す; 再度行う,"同じことや行動をもう一度行う。"
require,必要とする; 要求する,"何かが不可欠である、または何かを求めるという意味。ルールや法律によって義務付けられることも含む。"
broad,広い; 幅広い,"面積が大きいことや、範囲が広いことを表す。考え方や知識などが広い場合にも使う。"
prepare,準備する; 用意する,"何かをするために必要なものを揃えたり整えたりすること。"
salt,塩,"ナトリウムと塩素からなる鉱物で、通常は白い結晶の形で存在し、食品の味付けに使われる。"
nose,鼻,"顔の中心部にある呼吸と嗅覚のための器官。"
plural,複数形,二つ以上のものであることを示す文法上の形。名詞や動詞などに使われる。
anger,怒り; 腹立ち,"不満、悲しさ、または害されたと感じるときに生じる強い感情。"
claim,主張する; 要求する,"権利があると公然と言う、または何かが真実であると断言すること。また、正式に何かの所有を求めること。"
continent,大陸,"広大で連続した陸地の塊。地球上にはいくつか主要な大陸がある。"
oxygen,酸素,"生命維持に必要な気体の一種で、呼吸に使われる。"
sugar,砂糖; 糖分,"甘みのある白い結晶状の物質で、食べ物や飲み物に甘みを加えるために使われる。"
death,死,"生物が生命活動を終えること。または、何かが存在しなくなること。"
pretty,かわいい; かなり,"見た目が魅力的であること。また、程度が「かなり」「ずいぶん」であることを示す副詞としても使われる。"
skill,スキル; 技能,"何かをうまく行うための能力や習熟度。"
women,女性たち; 婦人たち,"大人の女性の複数形。"
season,季節,"1年を分ける、気候などが異なる時期（春、夏、秋、冬）。"
solution,解決策; 解答,"問題や困難を解決する方法や手段。特に、数学やパズルなどの答え。"
magnet,磁石,"鉄などの磁性体を惹きつける力を持つ物体。またはそのような力そのもの。"
silver,銀; シルバー,"元素周期表のAgで表される、光沢のある貴金属。食器や宝飾品に使われることが多い。"
thank,感謝する; 礼を言う,"感謝の気持ちを表すために使う動詞。"
branch,枝; 支店,"木の幹から分かれた部分。または、会社や組織の主要な場所から分かれた部署や店舗。"
match,合う; 一致する; 試合; マッチ,"形や特性が合っていること。また、勝ち負けを争う競技。"
suffix,接尾辞,単語の終わりに追加され、その意味や機能を変更する接辞。
especially,特に,"他のものよりも際立って、または特別な理由があって。副詞。"
fig,いちじく,"クワ科の落葉性高木で、甘くて柔らかい果実をつけるもの、またはその果実。"
afraid,恐れて; 心配して,"何かをすることや起こることを怖がること。ある物事について心配したり、ためらったりする感情。"
huge,巨大な; 大きな,"標準よりはるかに大きいこと。"
sister,姉; 妹,"同じ親から生まれた女性の兄弟。"
steel,鋼; はがね,"鉄に炭素を加えて作った丈夫な金属。建物、道具、機械などに広く使われる。"
discuss,議論する; 話し合う,"特定のトピックについて、考えや意見を交換すること。"
forward,進む; 前方へ,"前へ進むこと、または前向きな方向や状態にあることを示す。将来へ向かう意味でも使う。"
similar,似ている; 同様の,"同じような性質、特徴、または側面を持っていること。全く同じではないが、近いこと。"
guide,案内人; ガイド; 手引き,"人々を目的地へ導く人、または情報を提供する本や説明書。"
experience,経験; 体験,"何かを見たり、感じたり、行ったりすることで得られる知識や技能のこと。"
score,得点; スコア,"試合や試験などで獲得した点数。"
apple,りんご,"木になる丸くて甘い果物。赤や緑のものが多い。"
bought,買った,"buy（買う）の過去形および過去分詞形。購入したことを示す。"
led,導かれた; 先導した,"lead（導く、先導する）の過去形および過去分詞形。誰かや何かをある方向へ行かせたこと、または指揮したことを示す。"
pitch,投げる; ピッチ,"ボールなどを投げたり、企画などを売り込んだりすること。"
coat,コート; 上着,"寒さから身を守るためやファッションとして服の上に羽織るもの。"
mass,質量; 大量; 塊,"物理学的な重量や慣性の度合い。非常に多い数量。不定形の集まったものの塊。"
card,カード,"厚紙などで作られた、名刺やトランプ、クレジットカードなどの小さな四角いもの。"
band,バンド,"音楽を演奏する人々のグループ。"
rope,ロープ; 縄,"複数のより糸を撚り合わせて作られた、強い線状の vật。"
slip,滑る; 滑り落ちる; うっかりする,誤って滑ったり、落ちたりする動作。または、意図せず何かを間違えたり忘れたりすること。
win,勝つ; 勝利,"競争や戦い、ゲームなどで他者を上回ること。勝利を得ること。"
dream,夢,"眠っているときに見る心像。将来叶えたいと思っていることや希望。"
evening,夕方; 晩,"日没から夜が始まるまでの時間帯。一日の終わり頃。"
condition,状態; 条件,"人や物のありさまや状況。また、何かを行うために満たされるべき事柄。"
feed,与える; 食べさせる,"人や動物に食べ物を与えること。供給すること。"
tool,道具; 工具; ツール,"何かをするために使われる物理的なものや、目標を達成するための手段。"
total,合計; 全体,"全部を合わせた数や量。"
basic,基本的な,"物事の最もシンプルで重要な要素や原理に関すること。または、初歩的であること。"
smell,匂い; 嗅ぐ,"鼻で感じられる感覚。またはその感覚を感じる行為。"
valley,谷,"山々に挟まれた、細長くくぼんだ地形。"
nor,〜もまた...ない,"否定的な状況や出来事について、別の否定的な状況や出来事を続けるために使う接続詞。"
double,二倍; 倍; 二重の,"量、大きさ、または数が通常の二倍であること。または二つの要素を持つこと。"
seat,席; 座席,"座るための場所。乗り物や会場などにある椅子。"
arrive,到着する; 着く,"目的地などに到達すること。時間や場所に遅れずに行くことも含む。"
master,主人; 修士; 達人,"人や物を支配する人。特に専門的な技能や知識において非常に優れている人。大学院の修士号。"
track,追跡する; 線路; 走路,"物や人を追いかけること。また、列車が走るための鉄の道や、競技などで走るための道。"
parent,親,"父または母、あるいは養親など、子供を育てた人。"
shore,海岸; 岸,"海や湖、川などの水辺の土地。"
division,区分; 分割; 部門,"全体をいくつかの部分に分けること。または、分けられたそれぞれの部分。会社などの組織内の部署も指す。"
sheet,シート,"薄くて平たいもの。紙や布など。"
substance,物質; 実体; 内容,"具体的な形を持つ物。物体そのものや、ものの本質・重要な部分を指す。"
favor,好意; 親切; 支持,"人に対して親切な行いや贈り物。支持や賛成の気持ち。"
connect,つなぐ; 接続する,"人、もの、または考えなどを一緒にする、または関係づけること。"
post,投稿; 郵便; 柱,"SNSやウェブサイトに情報を載せること。手紙や荷物を送ること。地面に立てられた棒。"
spend,使う; 費やす; 過ごす,"お金、時間、またはエネルギーを何かに費やす、またはある期間を過ごすこと。"
chord,和音; 弦,"同時に鳴らされる3つ以上の音、または楽器の弦のこと。"
fat,太った; 脂肪,"体についた肉や油のこと。また、体が太っている状態。"
glad,嬉しい; 光栄に思って,"喜び、満足、または感謝の気持ちを表す。"
original,元の; 独創的な,"最初のものであること、または従来の模倣ではなく新しいアイデアや方法で作られたものであること。"
share,共有する,お互いに何かを持ち合ったり、使ったり、知らせたりすること。「分け合う」とも言う。
station,駅,"鉄道やバスなどが停車し、乗客が乗り降りする場所。"
dad,お父さん; パパ,"父親を指す、親しい呼び方。"
bread,パン,"小麦粉などを練って焼いて作った食べ物。"
charge,代金; 料金; 請求する; 充電する; 責任,"商品やサービスに対する料金。電力を蓄えること。責任を負うこと。攻撃を開始すること。"
proper,適切な; 正しい; 礼儀正しい,"規則や基準に合っているさま。社会的に受け入れられる行動や態度をとること。"
bar,バー; 棒,"飲み物を飲むためのカウンターや店。細長いかたい物。"
offer,提供する; 申し出る; オファー,"何かをあげる、または利用できるようにすること。また、提案や申し出をすること。"
segment,区分; 部分; 区間,"全体をいくつかの部分に分けたもののこと。特に、特定のグループやデータの一部を指す。"
slave,奴隷,"他人に所有され、その所有者のために強制的に働く人。"
duck,アヒル,カモ科の水鳥。また、体をすばやく曲げる動作。
instant,瞬間; 即座の; 即席の,"非常に短い時間、または待たずにすぐに行われることや食べられるものを指す。"
market,市場,"物を売買する場所や、特定の製品やサービスの需要がある分野。"
degree,程度; 度; 学位,"物事の高さ、強さ、または段階。また、大学などで取得する資格。"
populate,居住させる; 生息する; 入力する,"〜に住む人や動物を配置する、または特定の場所に住むこと。コンピューターシステムなどにデータを入力することも意味する。"
chick,ひよこ; 若い女性,"生まれたばかりの鶏。俗語で若い女性を指すこともある。"
dear,親愛なる; 大好きな; 大切な,"愛情や親しみを感じる人や物（手紙の冒頭などで使われる）に対して用いる語。"
enemy,敵; 敵対者,"戦争や争いなどで反対側の人や集団。敵対する相手。"
reply,返事; 返答,"質問やメッセージなどに対する応答。"
drink,飲む; 飲み物,"液体を摂取する行為。また、飲むための液体そのもの。"
occur,起こる; 発生する,"予測されていない、または計画されていない出来事や状況が起きること。"
support,支援; 支持; 支える,"誰かや何かを手助けすること、または意見や考えを肯定すること。"
speech,スピーチ; 演説; 話すこと,"特定の機会に行われる公開の話し合い。話す行為そのものも指す。"
nature,自然,"存在するすべての物体、特に大地、海、大気、動植物、およびそれらに影響を与えるすべての物理現象。"
range,範囲; 幅,"ある特定の限度内、または二つの極端な点の間の領域。"
steam,蒸気,"水が熱せられて気体になったもの。"
motion,動き; 運動,"位置を変えること、または動いている状態。"
path,道; 小道; 進路,"人や物が通るために作られた細いか狭い場所。比喩的に、進むべき方向や方法。"
liquid,液体,"形がなく、流れる性質を持つ物質。"
log,丸太; 記録,"切り倒された木の幹。また、出来事やデータなどを時系列で記録したもの。"
meant,〜を意味した; 〜のつもりだった,"meanの過去形および過去分詞。ある事柄が意図していた、または示唆していた内容を表す。"
quotient,商,"割り算の結果。"
teeth,歯,"主に哺乳類が食物を噛んだり、切ったりするために口の中にある硬い構造物。"
shell,殻; 甲羅; 貝殻,"固い外側の覆い。特に動物や植物の。"
neck,首,"体の一部で、頭と胴体をつなぐ細い部分。"
